feature_set,n_features,best_params,best_cv_score,test_accuracy
mav,10,"{'n_neighbors': 1, 'weights': 'uniform'}",0.8214285714285715,0.8888888888888888
std,10,"{'n_neighbors': 1, 'weights': 'uniform'}",0.8333333333333334,0.9722222222222222
maxav,10,"{'n_neighbors': 1, 'weights': 'uniform'}",0.7738095238095238,0.8611111111111112
rms,10,"{'n_neighbors': 1, 'weights': 'uniform'}",0.8571428571428572,0.8611111111111112
wl,10,"{'n_neighbors': 3, 'weights': 'uniform'}",0.8095238095238096,0.6111111111111112
ssc,10,"{'n_neighbors': 5, 'weights': 'distance'}",0.5595238095238095,0.4444444444444444
zc,10,"{'n_neighbors': 3, 'weights': 'distance'}",0.5357142857142857,0.7222222222222222
wamp,10,"{'n_neighbors': 3, 'weights': 'distance'}",0.6904761904761906,0.6944444444444444
mean_freq,10,"{'n_neighbors': 9, 'weights': 'distance'}",0.5,0.4444444444444444
median_freq,10,"{'n_neighbors': 1, 'weights': 'uniform'}",0.30952380952380953,0.4166666666666667
mav+std,20,"{'n_neighbors': 1, 'weights': 'uniform'}",0.9047619047619048,0.7777777777777778
mav+maxav,20,"{'n_neighbors': 5, 'weights': 'distance'}",0.8095238095238096,0.8333333333333334
mav+rms,20,"{'n_neighbors': 1, 'weights': 'uniform'}",0.8571428571428571,0.8888888888888888
mav+wl,20,"{'n_neighbors': 1, 'weights': 'uniform'}",0.8333333333333334,0.8055555555555556
mav+ssc,20,"{'n_neighbors': 3, 'weights': 'distance'}",0.8928571428571429,0.6666666666666666
mav+zc,20,"{'n_neighbors': 3, 'weights': 'distance'}",0.7976190476190476,0.5555555555555556
mav+wamp,20,"{'n_neighbors': 7, 'weights': 'distance'}",0.7976190476190476,0.7222222222222222
mav+mean_freq,20,"{'n_neighbors': 1, 'weights': 'uniform'}",0.8928571428571428,0.6944444444444444
mav+median_freq,20,"{'n_neighbors': 1, 'weights': 'uniform'}",0.7380952380952381,0.9166666666666666
std+maxav,20,"{'n_neighbors': 1, 'weights': 'uniform'}",0.8690476190476191,0.8611111111111112
std+rms,20,"{'n_neighbors': 3, 'weights': 'uniform'}",0.9404761904761906,0.7777777777777778
std+wl,20,"{'n_neighbors': 1, 'weights': 'uniform'}",0.9166666666666666,0.9166666666666666
std+ssc,20,"{'n_neighbors': 1, 'weights': 'uniform'}",0.8333333333333334,0.8055555555555556
std+zc,20,"{'n_neighbors': 3, 'weights': 'distance'}",0.8214285714285715,0.7777777777777778
std+wamp,20,"{'n_neighbors': 1, 'weights': 'uniform'}",0.8452380952380952,0.7777777777777778
std+mean_freq,20,"{'n_neighbors': 1, 'weights': 'uniform'}",0.8333333333333334,0.6944444444444444
std+median_freq,20,"{'n_neighbors': 1, 'weights': 'uniform'}",0.7380952380952381,0.9166666666666666
maxav+rms,20,"{'n_neighbors': 3, 'weights': 'distance'}",0.8809523809523809,0.8333333333333334
maxav+wl,20,"{'n_neighbors': 3, 'weights': 'distance'}",0.8214285714285715,0.8611111111111112
maxav+ssc,20,"{'n_neighbors': 1, 'weights': 'uniform'}",0.7380952380952381,0.7777777777777778
maxav+zc,20,"{'n_neighbors': 3, 'weights': 'distance'}",0.7619047619047619,0.7777777777777778
maxav+wamp,20,"{'n_neighbors': 1, 'weights': 'uniform'}",0.8571428571428572,0.8055555555555556
maxav+mean_freq,20,"{'n_neighbors': 1, 'weights': 'uniform'}",0.7976190476190476,0.6666666666666666
maxav+median_freq,20,"{'n_neighbors': 3, 'weights': 'distance'}",0.7976190476190476,0.6111111111111112
rms+wl,20,"{'n_neighbors': 1, 'weights': 'uniform'}",0.8928571428571429,0.8611111111111112
rms+ssc,20,"{'n_neighbors': 1, 'weights': 'uniform'}",0.75,0.8055555555555556
rms+zc,20,"{'n_neighbors': 5, 'weights': 'distance'}",0.7857142857142856,0.6666666666666666
rms+wamp,20,"{'n_neighbors': 1, 'weights': 'uniform'}",0.8928571428571429,0.7777777777777778
rms+mean_freq,20,"{'n_neighbors': 1, 'weights': 'uniform'}",0.7976190476190476,0.9166666666666666
rms+median_freq,20,"{'n_neighbors': 7, 'weights': 'distance'}",0.7023809523809524,0.7777777777777778
wl+ssc,20,"{'n_neighbors': 3, 'weights': 'distance'}",0.7619047619047619,0.7777777777777778
wl+zc,20,"{'n_neighbors': 5, 'weights': 'distance'}",0.8333333333333334,0.7222222222222222
wl+wamp,20,"{'n_neighbors': 1, 'weights': 'uniform'}",0.7738095238095237,0.8611111111111112
wl+mean_freq,20,"{'n_neighbors': 7, 'weights': 'distance'}",0.7619047619047619,0.7777777777777778
wl+median_freq,20,"{'n_neighbors': 1, 'weights': 'uniform'}",0.8095238095238094,0.8611111111111112
ssc+zc,20,"{'n_neighbors': 3, 'weights': 'distance'}",0.5952380952380952,0.5555555555555556
ssc+wamp,20,"{'n_neighbors': 1, 'weights': 'uniform'}",0.7142857142857143,0.8055555555555556
ssc+mean_freq,20,"{'n_neighbors': 1, 'weights': 'uniform'}",0.5476190476190476,0.7222222222222222
ssc+median_freq,20,"{'n_neighbors': 5, 'weights': 'distance'}",0.5476190476190476,0.4722222222222222
zc+wamp,20,"{'n_neighbors': 5, 'weights': 'distance'}",0.7380952380952381,0.7222222222222222
zc+mean_freq,20,"{'n_neighbors': 5, 'weights': 'uniform'}",0.6190476190476191,0.5833333333333334
zc+median_freq,20,"{'n_neighbors': 7, 'weights': 'distance'}",0.48809523809523814,0.6111111111111112
wamp+mean_freq,20,"{'n_neighbors': 3, 'weights': 'distance'}",0.7738095238095237,0.8333333333333334
wamp+median_freq,20,"{'n_neighbors': 1, 'weights': 'uniform'}",0.7380952380952381,0.5277777777777778
mean_freq+median_freq,20,"{'n_neighbors': 5, 'weights': 'distance'}",0.4523809523809524,0.5833333333333334
mav+std+maxav,30,"{'n_neighbors': 5, 'weights': 'distance'}",0.8571428571428572,0.8888888888888888
mav+std+rms,30,"{'n_neighbors': 1, 'weights': 'uniform'}",0.9285714285714285,0.8888888888888888
mav+std+wl,30,"{'n_neighbors': 1, 'weights': 'uniform'}",0.9047619047619048,0.9444444444444444
mav+std+ssc,30,"{'n_neighbors': 3, 'weights': 'distance'}",0.8690476190476191,0.9166666666666666
mav+std+zc,30,"{'n_neighbors': 3, 'weights': 'distance'}",0.8571428571428571,0.8611111111111112
mav+std+wamp,30,"{'n_neighbors': 1, 'weights': 'uniform'}",0.9047619047619048,0.8888888888888888
mav+std+mean_freq,30,"{'n_neighbors': 1, 'weights': 'uniform'}",0.9047619047619048,0.8888888888888888
mav+std+median_freq,30,"{'n_neighbors': 1, 'weights': 'uniform'}",0.7976190476190476,0.7777777777777778
mav+maxav+rms,30,"{'n_neighbors': 1, 'weights': 'uniform'}",0.9166666666666666,0.8333333333333334
mav+maxav+wl,30,"{'n_neighbors': 1, 'weights': 'uniform'}",0.9047619047619048,0.9166666666666666
mav+maxav+ssc,30,"{'n_neighbors': 3, 'weights': 'distance'}",0.8690476190476191,0.75
mav+maxav+zc,30,"{'n_neighbors': 3, 'weights': 'distance'}",0.8452380952380952,0.8611111111111112
mav+maxav+wamp,30,"{'n_neighbors': 1, 'weights': 'uniform'}",0.8333333333333334,0.8611111111111112
mav+maxav+mean_freq,30,"{'n_neighbors': 3, 'weights': 'distance'}",0.8690476190476191,0.8055555555555556
mav+maxav+median_freq,30,"{'n_neighbors': 3, 'weights': 'distance'}",0.8214285714285715,0.7777777777777778
mav+rms+wl,30,"{'n_neighbors': 3, 'weights': 'distance'}",0.8333333333333334,0.8611111111111112
mav+rms+ssc,30,"{'n_neighbors': 1, 'weights': 'uniform'}",0.8214285714285715,0.9444444444444444
mav+rms+zc,30,"{'n_neighbors': 1, 'weights': 'uniform'}",0.8571428571428572,0.75
mav+rms+wamp,30,"{'n_neighbors': 1, 'weights': 'uniform'}",0.8690476190476191,0.8333333333333334
mav+rms+mean_freq,30,"{'n_neighbors': 5, 'weights': 'distance'}",0.8809523809523809,0.8888888888888888
mav+rms+median_freq,30,"{'n_neighbors': 1, 'weights': 'uniform'}",0.7738095238095237,0.8611111111111112
mav+wl+ssc,30,"{'n_neighbors': 1, 'weights': 'uniform'}",0.7738095238095238,0.8055555555555556
mav+wl+zc,30,"{'n_neighbors': 1, 'weights': 'uniform'}",0.7857142857142856,0.8611111111111112
mav+wl+wamp,30,"{'n_neighbors': 1, 'weights': 'uniform'}",0.8690476190476191,0.9166666666666666
mav+wl+mean_freq,30,"{'n_neighbors': 1, 'weights': 'uniform'}",0.8333333333333334,0.9444444444444444
mav+wl+median_freq,30,"{'n_neighbors': 1, 'weights': 'uniform'}",0.8333333333333334,0.75
mav+ssc+zc,30,"{'n_neighbors': 1, 'weights': 'uniform'}",0.8095238095238096,0.75
mav+ssc+wamp,30,"{'n_neighbors': 1, 'weights': 'uniform'}",0.8452380952380952,0.6944444444444444
mav+ssc+mean_freq,30,"{'n_neighbors': 1, 'weights': 'uniform'}",0.7976190476190476,0.8333333333333334
mav+ssc+median_freq,30,"{'n_neighbors': 1, 'weights': 'uniform'}",0.6428571428571428,0.8611111111111112
mav+zc+wamp,30,"{'n_neighbors': 3, 'weights': 'uniform'}",0.8095238095238096,0.7777777777777778
mav+zc+mean_freq,30,"{'n_neighbors': 1, 'weights': 'uniform'}",0.8690476190476191,0.8333333333333334
mav+zc+median_freq,30,"{'n_neighbors': 5, 'weights': 'distance'}",0.7142857142857143,0.8055555555555556
mav+wamp+mean_freq,30,"{'n_neighbors': 7, 'weights': 'distance'}",0.8095238095238096,0.8888888888888888
mav+wamp+median_freq,30,"{'n_neighbors': 5, 'weights': 'distance'}",0.7976190476190476,0.7222222222222222
mav+mean_freq+median_freq,30,"{'n_neighbors': 1, 'weights': 'uniform'}",0.7857142857142857,0.8055555555555556
std+maxav+rms,30,"{'n_neighbors': 1, 'weights': 'uniform'}",0.9285714285714285,0.8888888888888888
std+maxav+wl,30,"{'n_neighbors': 3, 'weights': 'distance'}",0.9285714285714287,0.8888888888888888
std+maxav+ssc,30,"{'n_neighbors': 3, 'weights': 'distance'}",0.8095238095238096,0.75
std+maxav+zc,30,"{'n_neighbors': 3, 'weights': 'distance'}",0.8571428571428571,0.8333333333333334
std+maxav+wamp,30,"{'n_neighbors': 1, 'weights': 'uniform'}",0.8571428571428572,0.8055555555555556
std+maxav+mean_freq,30,"{'n_neighbors': 5, 'weights': 'distance'}",0.7619047619047619,0.8055555555555556
std+maxav+median_freq,30,"{'n_neighbors': 1, 'weights': 'uniform'}",0.7976190476190476,0.6666666666666666
std+rms+wl,30,"{'n_neighbors': 1, 'weights': 'uniform'}",0.9404761904761906,0.9722222222222222
std+rms+ssc,30,"{'n_neighbors': 1, 'weights': 'uniform'}",0.8452380952380952,0.8055555555555556
std+rms+zc,30,"{'n_neighbors': 3, 'weights': 'distance'}",0.8333333333333334,0.9166666666666666
std+rms+wamp,30,"{'n_neighbors': 1, 'weights': 'uniform'}",0.8809523809523809,0.9444444444444444
std+rms+mean_freq,30,"{'n_neighbors': 1, 'weights': 'uniform'}",0.8095238095238094,0.9722222222222222
std+rms+median_freq,30,"{'n_neighbors': 3, 'weights': 'distance'}",0.8214285714285715,0.8333333333333334
std+wl+ssc,30,"{'n_neighbors': 1, 'weights': 'uniform'}",0.8809523809523809,0.8611111111111112
std+wl+zc,30,"{'n_neighbors': 1, 'weights': 'uniform'}",0.9047619047619048,0.8333333333333334
std+wl+wamp,30,"{'n_neighbors': 1, 'weights': 'uniform'}",0.8690476190476191,0.9166666666666666
std+wl+mean_freq,30,"{'n_neighbors': 1, 'weights': 'uniform'}",0.8928571428571428,0.8888888888888888
std+wl+median_freq,30,"{'n_neighbors': 3, 'weights': 'distance'}",0.8571428571428571,0.8611111111111112
std+ssc+zc,30,"{'n_neighbors': 1, 'weights': 'uniform'}",0.7380952380952381,0.8333333333333334
std+ssc+wamp,30,"{'n_neighbors': 1, 'weights': 'uniform'}",0.8214285714285715,0.8055555555555556
std+ssc+mean_freq,30,"{'n_neighbors': 5, 'weights': 'distance'}",0.7857142857142856,0.75
std+ssc+median_freq,30,"{'n_neighbors': 5, 'weights': 'distance'}",0.8214285714285715,0.6666666666666666
std+zc+wamp,30,"{'n_neighbors': 1, 'weights': 'uniform'}",0.8333333333333334,0.8055555555555556
std+zc+mean_freq,30,"{'n_neighbors': 3, 'weights': 'distance'}",0.8333333333333334,0.75
std+zc+median_freq,30,"{'n_neighbors': 1, 'weights': 'uniform'}",0.7738095238095238,0.7222222222222222
std+wamp+mean_freq,30,"{'n_neighbors': 1, 'weights': 'uniform'}",0.8452380952380952,0.8611111111111112
std+wamp+median_freq,30,"{'n_neighbors': 1, 'weights': 'uniform'}",0.7738095238095237,0.8333333333333334
std+mean_freq+median_freq,30,"{'n_neighbors': 1, 'weights': 'uniform'}",0.8333333333333334,0.7222222222222222
maxav+rms+wl,30,"{'n_neighbors': 1, 'weights': 'uniform'}",0.9047619047619048,0.8888888888888888
maxav+rms+ssc,30,"{'n_neighbors': 1, 'weights': 'uniform'}",0.8452380952380952,0.9166666666666666
maxav+rms+zc,30,"{'n_neighbors': 3, 'weights': 'distance'}",0.8452380952380952,0.7777777777777778
maxav+rms+wamp,30,"{'n_neighbors': 1, 'weights': 'uniform'}",0.8571428571428571,0.8333333333333334
maxav+rms+mean_freq,30,"{'n_neighbors': 3, 'weights': 'distance'}",0.8452380952380952,0.8333333333333334
maxav+rms+median_freq,30,"{'n_neighbors': 7, 'weights': 'distance'}",0.8214285714285715,0.7222222222222222
maxav+wl+ssc,30,"{'n_neighbors': 1, 'weights': 'uniform'}",0.7857142857142857,0.7777777777777778
maxav+wl+zc,30,"{'n_neighbors': 1, 'weights': 'uniform'}",0.8095238095238096,0.7777777777777778
maxav+wl+wamp,30,"{'n_neighbors': 3, 'weights': 'distance'}",0.8690476190476191,0.7777777777777778
maxav+wl+mean_freq,30,"{'n_neighbors': 1, 'weights': 'uniform'}",0.8452380952380952,0.8888888888888888
maxav+wl+median_freq,30,"{'n_neighbors': 1, 'weights': 'uniform'}",0.7619047619047619,0.7777777777777778
maxav+ssc+zc,30,"{'n_neighbors': 1, 'weights': 'uniform'}",0.7857142857142857,0.8333333333333334
maxav+ssc+wamp,30,"{'n_neighbors': 3, 'weights': 'uniform'}",0.7738095238095237,0.7222222222222222
maxav+ssc+mean_freq,30,"{'n_neighbors': 1, 'weights': 'uniform'}",0.8333333333333334,0.7222222222222222
maxav+ssc+median_freq,30,"{'n_neighbors': 1, 'weights': 'uniform'}",0.7380952380952381,0.7222222222222222
maxav+zc+wamp,30,"{'n_neighbors': 1, 'weights': 'uniform'}",0.8214285714285713,0.8333333333333334
maxav+zc+mean_freq,30,"{'n_neighbors': 7, 'weights': 'distance'}",0.8214285714285715,0.7222222222222222
maxav+zc+median_freq,30,"{'n_neighbors': 3, 'weights': 'distance'}",0.6904761904761906,0.8055555555555556
maxav+wamp+mean_freq,30,"{'n_neighbors': 3, 'weights': 'distance'}",0.8333333333333334,0.8055555555555556
maxav+wamp+median_freq,30,"{'n_neighbors': 3, 'weights': 'uniform'}",0.7380952380952381,0.7222222222222222
maxav+mean_freq+median_freq,30,"{'n_neighbors': 3, 'weights': 'distance'}",0.6547619047619048,0.75
rms+wl+ssc,30,"{'n_neighbors': 1, 'weights': 'uniform'}",0.7976190476190476,0.75
rms+wl+zc,30,"{'n_neighbors': 1, 'weights': 'uniform'}",0.7976190476190476,0.8888888888888888
rms+wl+wamp,30,"{'n_neighbors': 1, 'weights': 'uniform'}",0.8095238095238094,0.9444444444444444
rms+wl+mean_freq,30,"{'n_neighbors': 3, 'weights': 'distance'}",0.8452380952380952,0.8611111111111112
rms+wl+median_freq,30,"{'n_neighbors': 3, 'weights': 'distance'}",0.7976190476190476,0.8611111111111112
rms+ssc+zc,30,"{'n_neighbors': 3, 'weights': 'distance'}",0.7976190476190476,0.7777777777777778
rms+ssc+wamp,30,"{'n_neighbors': 5, 'weights': 'distance'}",0.75,0.8611111111111112
rms+ssc+mean_freq,30,"{'n_neighbors': 1, 'weights': 'uniform'}",0.7738095238095237,0.9166666666666666
rms+ssc+median_freq,30,"{'n_neighbors': 1, 'weights': 'uniform'}",0.75,0.75
rms+zc+wamp,30,"{'n_neighbors': 3, 'weights': 'distance'}",0.8214285714285715,0.8055555555555556
rms+zc+mean_freq,30,"{'n_neighbors': 1, 'weights': 'uniform'}",0.7738095238095237,0.9166666666666666
rms+zc+median_freq,30,"{'n_neighbors': 3, 'weights': 'distance'}",0.7619047619047619,0.75
rms+wamp+mean_freq,30,"{'n_neighbors': 5, 'weights': 'distance'}",0.8571428571428571,0.8333333333333334
rms+wamp+median_freq,30,"{'n_neighbors': 5, 'weights': 'distance'}",0.7857142857142857,0.6944444444444444
rms+mean_freq+median_freq,30,"{'n_neighbors': 1, 'weights': 'uniform'}",0.761904761904762,0.8055555555555556
wl+ssc+zc,30,"{'n_neighbors': 5, 'weights': 'distance'}",0.6904761904761906,0.7777777777777778
wl+ssc+wamp,30,"{'n_neighbors': 1, 'weights': 'uniform'}",0.7857142857142856,0.8888888888888888
wl+ssc+mean_freq,30,"{'n_neighbors': 3, 'weights': 'distance'}",0.8333333333333334,0.6666666666666666
wl+ssc+median_freq,30,"{'n_neighbors': 1, 'weights': 'uniform'}",0.7142857142857143,0.75
wl+zc+wamp,30,"{'n_neighbors': 1, 'weights': 'uniform'}",0.7976190476190476,0.7222222222222222
wl+zc+mean_freq,30,"{'n_neighbors': 1, 'weights': 'uniform'}",0.8333333333333334,0.75
wl+zc+median_freq,30,"{'n_neighbors': 5, 'weights': 'uniform'}",0.6785714285714285,0.7222222222222222
wl+wamp+mean_freq,30,"{'n_neighbors': 3, 'weights': 'distance'}",0.8214285714285715,0.8611111111111112
wl+wamp+median_freq,30,"{'n_neighbors': 7, 'weights': 'distance'}",0.7380952380952381,0.7777777777777778
wl+mean_freq+median_freq,30,"{'n_neighbors': 3, 'weights': 'distance'}",0.7738095238095238,0.8333333333333334
ssc+zc+wamp,30,"{'n_neighbors': 1, 'weights': 'uniform'}",0.7738095238095237,0.5555555555555556
ssc+zc+mean_freq,30,"{'n_neighbors': 3, 'weights': 'distance'}",0.7023809523809524,0.5277777777777778
ssc+zc+median_freq,30,"{'n_neighbors': 5, 'weights': 'distance'}",0.511904761904762,0.6944444444444444
ssc+wamp+mean_freq,30,"{'n_neighbors': 1, 'weights': 'uniform'}",0.7619047619047619,0.7222222222222222
ssc+wamp+median_freq,30,"{'n_neighbors': 5, 'weights': 'uniform'}",0.630952380952381,0.5833333333333334
ssc+mean_freq+median_freq,30,"{'n_neighbors': 3, 'weights': 'distance'}",0.5714285714285715,0.5555555555555556
zc+wamp+mean_freq,30,"{'n_neighbors': 3, 'weights': 'distance'}",0.7261904761904762,0.7777777777777778
zc+wamp+median_freq,30,"{'n_neighbors': 1, 'weights': 'uniform'}",0.6547619047619048,0.8055555555555556
zc+mean_freq+median_freq,30,"{'n_neighbors': 1, 'weights': 'uniform'}",0.5595238095238095,0.5833333333333334
wamp+mean_freq+median_freq,30,"{'n_neighbors': 5, 'weights': 'uniform'}",0.7261904761904763,0.5833333333333334
mav+std+maxav+rms,40,"{'n_neighbors': 3, 'weights': 'distance'}",0.8333333333333334,0.9722222222222222
mav+std+maxav+wl,40,"{'n_neighbors': 1, 'weights': 'uniform'}",0.9404761904761904,0.9166666666666666
mav+std+maxav+ssc,40,"{'n_neighbors': 5, 'weights': 'distance'}",0.8452380952380952,0.8055555555555556
mav+std+maxav+zc,40,"{'n_neighbors': 1, 'weights': 'uniform'}",0.9166666666666666,0.9166666666666666
mav+std+maxav+wamp,40,"{'n_neighbors': 1, 'weights': 'uniform'}",0.8809523809523809,0.9166666666666666
mav+std+maxav+mean_freq,40,"{'n_neighbors': 3, 'weights': 'distance'}",0.8928571428571428,0.8888888888888888
mav+std+maxav+median_freq,40,"{'n_neighbors': 3, 'weights': 'distance'}",0.9404761904761906,0.7222222222222222
mav+std+rms+wl,40,"{'n_neighbors': 1, 'weights': 'uniform'}",0.9047619047619048,0.9444444444444444
mav+std+rms+ssc,40,"{'n_neighbors': 1, 'weights': 'uniform'}",0.8690476190476191,0.8611111111111112
mav+std+rms+zc,40,"{'n_neighbors': 1, 'weights': 'uniform'}",0.9166666666666666,0.8055555555555556
mav+std+rms+wamp,40,"{'n_neighbors': 3, 'weights': 'distance'}",0.9047619047619048,0.8333333333333334
mav+std+rms+mean_freq,40,"{'n_neighbors': 1, 'weights': 'uniform'}",0.9047619047619048,0.8888888888888888
mav+std+rms+median_freq,40,"{'n_neighbors': 3, 'weights': 'distance'}",0.8809523809523809,0.8611111111111112
mav+std+wl+ssc,40,"{'n_neighbors': 5, 'weights': 'distance'}",0.8333333333333334,0.9166666666666666
mav+std+wl+zc,40,"{'n_neighbors': 1, 'weights': 'uniform'}",0.8452380952380952,0.9166666666666666
mav+std+wl+wamp,40,"{'n_neighbors': 1, 'weights': 'uniform'}",0.9047619047619048,0.9444444444444444
mav+std+wl+mean_freq,40,"{'n_neighbors': 7, 'weights': 'distance'}",0.8095238095238096,0.8888888888888888
mav+std+wl+median_freq,40,"{'n_neighbors': 3, 'weights': 'distance'}",0.8571428571428572,0.9444444444444444
mav+std+ssc+zc,40,"{'n_neighbors': 1, 'weights': 'uniform'}",0.8571428571428571,0.8333333333333334
mav+std+ssc+wamp,40,"{'n_neighbors': 1, 'weights': 'uniform'}",0.7976190476190476,0.8611111111111112
mav+std+ssc+mean_freq,40,"{'n_neighbors': 1, 'weights': 'uniform'}",0.9047619047619048,0.75
mav+std+ssc+median_freq,40,"{'n_neighbors': 1, 'weights': 'uniform'}",0.7976190476190476,0.8611111111111112
mav+std+zc+wamp,40,"{'n_neighbors': 1, 'weights': 'uniform'}",0.7976190476190476,0.8888888888888888
mav+std+zc+mean_freq,40,"{'n_neighbors': 1, 'weights': 'uniform'}",0.8809523809523809,0.8888888888888888
mav+std+zc+median_freq,40,"{'n_neighbors': 3, 'weights': 'distance'}",0.7857142857142856,0.75
mav+std+wamp+mean_freq,40,"{'n_neighbors': 1, 'weights': 'uniform'}",0.8452380952380952,0.8888888888888888
mav+std+wamp+median_freq,40,"{'n_neighbors': 1, 'weights': 'uniform'}",0.8571428571428572,0.8888888888888888
mav+std+mean_freq+median_freq,40,"{'n_neighbors': 1, 'weights': 'uniform'}",0.8571428571428572,0.8888888888888888
mav+maxav+rms+wl,40,"{'n_neighbors': 1, 'weights': 'uniform'}",0.9047619047619048,0.8611111111111112
mav+maxav+rms+ssc,40,"{'n_neighbors': 1, 'weights': 'uniform'}",0.869047619047619,0.9166666666666666
mav+maxav+rms+zc,40,"{'n_neighbors': 1, 'weights': 'uniform'}",0.9047619047619048,0.8333333333333334
mav+maxav+rms+wamp,40,"{'n_neighbors': 1, 'weights': 'uniform'}",0.8333333333333334,0.9166666666666666
mav+maxav+rms+mean_freq,40,"{'n_neighbors': 1, 'weights': 'uniform'}",0.8571428571428571,0.9166666666666666
mav+maxav+rms+median_freq,40,"{'n_neighbors': 1, 'weights': 'uniform'}",0.8452380952380952,0.8333333333333334
mav+maxav+wl+ssc,40,"{'n_neighbors': 1, 'weights': 'uniform'}",0.8214285714285715,0.8888888888888888
mav+maxav+wl+zc,40,"{'n_neighbors': 1, 'weights': 'uniform'}",0.8095238095238096,0.8611111111111112
mav+maxav+wl+wamp,40,"{'n_neighbors': 1, 'weights': 'uniform'}",0.8333333333333334,0.8888888888888888
mav+maxav+wl+mean_freq,40,"{'n_neighbors': 1, 'weights': 'uniform'}",0.8690476190476191,0.8611111111111112
mav+maxav+wl+median_freq,40,"{'n_neighbors': 1, 'weights': 'uniform'}",0.8571428571428571,0.8888888888888888
mav+maxav+ssc+zc,40,"{'n_neighbors': 3, 'weights': 'distance'}",0.7857142857142857,0.75
mav+maxav+ssc+wamp,40,"{'n_neighbors': 1, 'weights': 'uniform'}",0.8690476190476191,0.8611111111111112
mav+maxav+ssc+mean_freq,40,"{'n_neighbors': 1, 'weights': 'uniform'}",0.8928571428571429,0.7777777777777778
mav+maxav+ssc+median_freq,40,"{'n_neighbors': 5, 'weights': 'distance'}",0.7380952380952381,0.6944444444444444
mav+maxav+zc+wamp,40,"{'n_neighbors': 1, 'weights': 'uniform'}",0.8333333333333334,0.8888888888888888
mav+maxav+zc+mean_freq,40,"{'n_neighbors': 1, 'weights': 'uniform'}",0.8928571428571428,0.8055555555555556
mav+maxav+zc+median_freq,40,"{'n_neighbors': 1, 'weights': 'uniform'}",0.8571428571428572,0.8055555555555556
mav+maxav+wamp+mean_freq,40,"{'n_neighbors': 1, 'weights': 'uniform'}",0.8571428571428571,0.9722222222222222
mav+maxav+wamp+median_freq,40,"{'n_neighbors': 1, 'weights': 'uniform'}",0.7738095238095237,0.7777777777777778
mav+maxav+mean_freq+median_freq,40,"{'n_neighbors': 1, 'weights': 'uniform'}",0.7738095238095238,0.9444444444444444
mav+rms+wl+ssc,40,"{'n_neighbors': 1, 'weights': 'uniform'}",0.8333333333333334,0.8333333333333334
mav+rms+wl+zc,40,"{'n_neighbors': 3, 'weights': 'distance'}",0.7738095238095237,0.9166666666666666
mav+rms+wl+wamp,40,"{'n_neighbors': 3, 'weights': 'uniform'}",0.8452380952380952,0.7777777777777778
mav+rms+wl+mean_freq,40,"{'n_neighbors': 1, 'weights': 'uniform'}",0.880952380952381,0.9166666666666666
mav+rms+wl+median_freq,40,"{'n_neighbors': 3, 'weights': 'distance'}",0.7857142857142857,0.7777777777777778
mav+rms+ssc+zc,40,"{'n_neighbors': 1, 'weights': 'uniform'}",0.7619047619047619,0.8055555555555556
mav+rms+ssc+wamp,40,"{'n_neighbors': 1, 'weights': 'uniform'}",0.8452380952380952,0.8333333333333334
mav+rms+ssc+mean_freq,40,"{'n_neighbors': 7, 'weights': 'distance'}",0.8095238095238096,0.6666666666666666
mav+rms+ssc+median_freq,40,"{'n_neighbors': 1, 'weights': 'uniform'}",0.7261904761904762,0.8333333333333334
mav+rms+zc+wamp,40,"{'n_neighbors': 3, 'weights': 'distance'}",0.8452380952380952,0.8333333333333334
mav+rms+zc+mean_freq,40,"{'n_neighbors': 1, 'weights': 'uniform'}",0.9047619047619048,0.9166666666666666
mav+rms+zc+median_freq,40,"{'n_neighbors': 1, 'weights': 'uniform'}",0.8214285714285715,0.8055555555555556
mav+rms+wamp+mean_freq,40,"{'n_neighbors': 1, 'weights': 'uniform'}",0.8333333333333334,0.8888888888888888
mav+rms+wamp+median_freq,40,"{'n_neighbors': 1, 'weights': 'uniform'}",0.8333333333333334,0.7777777777777778
mav+rms+mean_freq+median_freq,40,"{'n_neighbors': 3, 'weights': 'uniform'}",0.9047619047619048,0.75
mav+wl+ssc+zc,40,"{'n_neighbors': 1, 'weights': 'uniform'}",0.7619047619047619,0.8055555555555556
mav+wl+ssc+wamp,40,"{'n_neighbors': 3, 'weights': 'distance'}",0.8333333333333334,0.8611111111111112
mav+wl+ssc+mean_freq,40,"{'n_neighbors': 1, 'weights': 'uniform'}",0.7976190476190476,0.8611111111111112
mav+wl+ssc+median_freq,40,"{'n_neighbors': 3, 'weights': 'uniform'}",0.8452380952380952,0.75
mav+wl+zc+wamp,40,"{'n_neighbors': 5, 'weights': 'distance'}",0.8452380952380952,0.75
mav+wl+zc+mean_freq,40,"{'n_neighbors': 1, 'weights': 'uniform'}",0.7738095238095237,0.8888888888888888
mav+wl+zc+median_freq,40,"{'n_neighbors': 3, 'weights': 'distance'}",0.8214285714285715,0.8055555555555556
mav+wl+wamp+mean_freq,40,"{'n_neighbors': 1, 'weights': 'uniform'}",0.7857142857142857,0.8888888888888888
mav+wl+wamp+median_freq,40,"{'n_neighbors': 1, 'weights': 'uniform'}",0.8333333333333334,0.8611111111111112
mav+wl+mean_freq+median_freq,40,"{'n_neighbors': 3, 'weights': 'distance'}",0.7738095238095237,0.7777777777777778
mav+ssc+zc+wamp,40,"{'n_neighbors': 1, 'weights': 'uniform'}",0.7976190476190476,0.6666666666666666
mav+ssc+zc+mean_freq,40,"{'n_neighbors': 1, 'weights': 'uniform'}",0.7738095238095237,0.7222222222222222
mav+ssc+zc+median_freq,40,"{'n_neighbors': 1, 'weights': 'uniform'}",0.7380952380952381,0.6666666666666666
mav+ssc+wamp+mean_freq,40,"{'n_neighbors': 5, 'weights': 'distance'}",0.7857142857142857,0.8611111111111112
mav+ssc+wamp+median_freq,40,"{'n_neighbors': 1, 'weights': 'uniform'}",0.7023809523809524,0.5833333333333334
mav+ssc+mean_freq+median_freq,40,"{'n_neighbors': 3, 'weights': 'distance'}",0.8095238095238094,0.7222222222222222
mav+zc+wamp+mean_freq,40,"{'n_neighbors': 1, 'weights': 'uniform'}",0.8452380952380952,0.8611111111111112
mav+zc+wamp+median_freq,40,"{'n_neighbors': 1, 'weights': 'uniform'}",0.8333333333333334,0.6666666666666666
mav+zc+mean_freq+median_freq,40,"{'n_neighbors': 1, 'weights': 'uniform'}",0.8095238095238096,0.8333333333333334
mav+wamp+mean_freq+median_freq,40,"{'n_neighbors': 1, 'weights': 'uniform'}",0.8214285714285715,0.75
std+maxav+rms+wl,40,"{'n_neighbors': 1, 'weights': 'uniform'}",0.9285714285714285,1.0
std+maxav+rms+ssc,40,"{'n_neighbors': 1, 'weights': 'uniform'}",0.8095238095238094,0.9166666666666666
std+maxav+rms+zc,40,"{'n_neighbors': 1, 'weights': 'uniform'}",0.9047619047619048,0.75
std+maxav+rms+wamp,40,"{'n_neighbors': 1, 'weights': 'uniform'}",0.869047619047619,0.8611111111111112
std+maxav+rms+mean_freq,40,"{'n_neighbors': 5, 'weights': 'distance'}",0.8214285714285715,0.9722222222222222
std+maxav+rms+median_freq,40,"{'n_neighbors': 7, 'weights': 'distance'}",0.7857142857142856,0.6944444444444444
std+maxav+wl+ssc,40,"{'n_neighbors': 1, 'weights': 'uniform'}",0.9047619047619048,0.8333333333333334
std+maxav+wl+zc,40,"{'n_neighbors': 1, 'weights': 'uniform'}",0.8571428571428571,0.8333333333333334
std+maxav+wl+wamp,40,"{'n_neighbors': 1, 'weights': 'uniform'}",0.8571428571428572,0.9722222222222222
std+maxav+wl+mean_freq,40,"{'n_neighbors': 1, 'weights': 'uniform'}",0.9166666666666666,0.8055555555555556
std+maxav+wl+median_freq,40,"{'n_neighbors': 1, 'weights': 'uniform'}",0.8214285714285715,0.8888888888888888
std+maxav+ssc+zc,40,"{'n_neighbors': 3, 'weights': 'distance'}",0.8571428571428571,0.7222222222222222
std+maxav+ssc+wamp,40,"{'n_neighbors': 3, 'weights': 'uniform'}",0.8690476190476191,0.75
std+maxav+ssc+mean_freq,40,"{'n_neighbors': 3, 'weights': 'distance'}",0.8333333333333334,0.6944444444444444
std+maxav+ssc+median_freq,40,"{'n_neighbors': 1, 'weights': 'uniform'}",0.8214285714285713,0.75
std+maxav+zc+wamp,40,"{'n_neighbors': 1, 'weights': 'uniform'}",0.8690476190476191,0.8888888888888888
std+maxav+zc+mean_freq,40,"{'n_neighbors': 1, 'weights': 'uniform'}",0.8928571428571429,0.75
std+maxav+zc+median_freq,40,"{'n_neighbors': 1, 'weights': 'uniform'}",0.8095238095238094,0.8611111111111112
std+maxav+wamp+mean_freq,40,"{'n_neighbors': 1, 'weights': 'uniform'}",0.8214285714285715,0.9166666666666666
std+maxav+wamp+median_freq,40,"{'n_neighbors': 5, 'weights': 'distance'}",0.8690476190476191,0.6666666666666666
std+maxav+mean_freq+median_freq,40,"{'n_neighbors': 1, 'weights': 'uniform'}",0.7976190476190476,0.6666666666666666
std+rms+wl+ssc,40,"{'n_neighbors': 1, 'weights': 'uniform'}",0.8452380952380952,0.8888888888888888
std+rms+wl+zc,40,"{'n_neighbors': 1, 'weights': 'uniform'}",0.8690476190476191,0.9444444444444444
std+rms+wl+wamp,40,"{'n_neighbors': 1, 'weights': 'uniform'}",0.9404761904761906,0.8611111111111112
std+rms+wl+mean_freq,40,"{'n_neighbors': 3, 'weights': 'distance'}",0.9166666666666666,0.8055555555555556
std+rms+wl+median_freq,40,"{'n_neighbors': 3, 'weights': 'distance'}",0.8214285714285715,0.8888888888888888
std+rms+ssc+zc,40,"{'n_neighbors': 1, 'weights': 'uniform'}",0.8928571428571429,0.8333333333333334
std+rms+ssc+wamp,40,"{'n_neighbors': 5, 'weights': 'distance'}",0.8571428571428572,0.8888888888888888
std+rms+ssc+mean_freq,40,"{'n_neighbors': 1, 'weights': 'uniform'}",0.8333333333333334,0.8888888888888888
std+rms+ssc+median_freq,40,"{'n_neighbors': 3, 'weights': 'distance'}",0.8452380952380952,0.7222222222222222
std+rms+zc+wamp,40,"{'n_neighbors': 1, 'weights': 'uniform'}",0.9285714285714287,0.8055555555555556
std+rms+zc+mean_freq,40,"{'n_neighbors': 1, 'weights': 'uniform'}",0.9166666666666666,0.8611111111111112
std+rms+zc+median_freq,40,"{'n_neighbors': 1, 'weights': 'uniform'}",0.8809523809523809,0.7777777777777778
std+rms+wamp+mean_freq,40,"{'n_neighbors': 3, 'weights': 'distance'}",0.9404761904761906,0.7777777777777778
std+rms+wamp+median_freq,40,"{'n_neighbors': 1, 'weights': 'uniform'}",0.8452380952380952,0.75
std+rms+mean_freq+median_freq,40,"{'n_neighbors': 1, 'weights': 'uniform'}",0.7976190476190478,0.8333333333333334
std+wl+ssc+zc,40,"{'n_neighbors': 1, 'weights': 'uniform'}",0.7738095238095237,0.8888888888888888
std+wl+ssc+wamp,40,"{'n_neighbors': 1, 'weights': 'uniform'}",0.8095238095238096,0.9166666666666666
std+wl+ssc+mean_freq,40,"{'n_neighbors': 5, 'weights': 'distance'}",0.8809523809523809,0.7222222222222222
std+wl+ssc+median_freq,40,"{'n_neighbors': 1, 'weights': 'uniform'}",0.8214285714285715,0.7222222222222222
std+wl+zc+wamp,40,"{'n_neighbors': 1, 'weights': 'uniform'}",0.8333333333333334,0.8333333333333334
std+wl+zc+mean_freq,40,"{'n_neighbors': 1, 'weights': 'uniform'}",0.8809523809523809,0.8611111111111112
std+wl+zc+median_freq,40,"{'n_neighbors': 1, 'weights': 'uniform'}",0.7857142857142857,0.75
std+wl+wamp+mean_freq,40,"{'n_neighbors': 1, 'weights': 'uniform'}",0.8690476190476191,0.8333333333333334
std+wl+wamp+median_freq,40,"{'n_neighbors': 5, 'weights': 'distance'}",0.8095238095238094,0.7777777777777778
std+wl+mean_freq+median_freq,40,"{'n_neighbors': 1, 'weights': 'uniform'}",0.7976190476190476,0.9166666666666666
std+ssc+zc+wamp,40,"{'n_neighbors': 3, 'weights': 'distance'}",0.7976190476190476,0.8333333333333334
std+ssc+zc+mean_freq,40,"{'n_neighbors': 3, 'weights': 'distance'}",0.75,0.7777777777777778
std+ssc+zc+median_freq,40,"{'n_neighbors': 1, 'weights': 'uniform'}",0.6309523809523809,0.8055555555555556
std+ssc+wamp+mean_freq,40,"{'n_neighbors': 1, 'weights': 'uniform'}",0.8690476190476191,0.8611111111111112
std+ssc+wamp+median_freq,40,"{'n_neighbors': 3, 'weights': 'distance'}",0.7619047619047619,0.8055555555555556
std+ssc+mean_freq+median_freq,40,"{'n_neighbors': 1, 'weights': 'uniform'}",0.75,0.6666666666666666
std+zc+wamp+mean_freq,40,"{'n_neighbors': 1, 'weights': 'uniform'}",0.7857142857142856,0.9166666666666666
std+zc+wamp+median_freq,40,"{'n_neighbors': 5, 'weights': 'distance'}",0.75,0.6944444444444444
std+zc+mean_freq+median_freq,40,"{'n_neighbors': 1, 'weights': 'uniform'}",0.7738095238095237,0.8333333333333334
std+wamp+mean_freq+median_freq,40,"{'n_neighbors': 1, 'weights': 'uniform'}",0.7857142857142856,0.7777777777777778
maxav+rms+wl+ssc,40,"{'n_neighbors': 3, 'weights': 'distance'}",0.8333333333333334,0.7777777777777778
maxav+rms+wl+zc,40,"{'n_neighbors': 3, 'weights': 'distance'}",0.8095238095238096,1.0
maxav+rms+wl+wamp,40,"{'n_neighbors': 3, 'weights': 'distance'}",0.880952380952381,0.8333333333333334
maxav+rms+wl+mean_freq,40,"{'n_neighbors': 1, 'weights': 'uniform'}",0.8690476190476191,0.8888888888888888
maxav+rms+wl+median_freq,40,"{'n_neighbors': 5, 'weights': 'distance'}",0.8095238095238096,0.8611111111111112
maxav+rms+ssc+zc,40,"{'n_neighbors': 1, 'weights': 'uniform'}",0.8333333333333334,0.9444444444444444
maxav+rms+ssc+wamp,40,"{'n_neighbors': 1, 'weights': 'uniform'}",0.8333333333333334,0.75
maxav+rms+ssc+mean_freq,40,"{'n_neighbors': 1, 'weights': 'uniform'}",0.8214285714285715,0.8333333333333334
maxav+rms+ssc+median_freq,40,"{'n_neighbors': 1, 'weights': 'uniform'}",0.8452380952380952,0.75
maxav+rms+zc+wamp,40,"{'n_neighbors': 1, 'weights': 'uniform'}",0.8452380952380952,0.8888888888888888
maxav+rms+zc+mean_freq,40,"{'n_neighbors': 1, 'weights': 'uniform'}",0.9047619047619048,0.75
maxav+rms+zc+median_freq,40,"{'n_neighbors': 1, 'weights': 'uniform'}",0.8095238095238094,0.8611111111111112
maxav+rms+wamp+mean_freq,40,"{'n_neighbors': 3, 'weights': 'distance'}",0.8452380952380952,0.8611111111111112
maxav+rms+wamp+median_freq,40,"{'n_neighbors': 1, 'weights': 'uniform'}",0.7261904761904762,0.8055555555555556
maxav+rms+mean_freq+median_freq,40,"{'n_neighbors': 3, 'weights': 'uniform'}",0.7976190476190476,0.8888888888888888
maxav+wl+ssc+zc,40,"{'n_neighbors': 1, 'weights': 'uniform'}",0.7738095238095238,0.9166666666666666
maxav+wl+ssc+wamp,40,"{'n_neighbors': 1, 'weights': 'uniform'}",0.7738095238095237,0.7777777777777778
maxav+wl+ssc+mean_freq,40,"{'n_neighbors': 1, 'weights': 'uniform'}",0.7976190476190476,0.9722222222222222
maxav+wl+ssc+median_freq,40,"{'n_neighbors': 1, 'weights': 'uniform'}",0.7738095238095237,0.8055555555555556
maxav+wl+zc+wamp,40,"{'n_neighbors': 1, 'weights': 'uniform'}",0.7380952380952381,0.8888888888888888
maxav+wl+zc+mean_freq,40,"{'n_neighbors': 1, 'weights': 'uniform'}",0.8333333333333334,0.9166666666666666
maxav+wl+zc+median_freq,40,"{'n_neighbors': 1, 'weights': 'uniform'}",0.7380952380952381,0.8055555555555556
maxav+wl+wamp+mean_freq,40,"{'n_neighbors': 1, 'weights': 'uniform'}",0.8095238095238094,0.8611111111111112
maxav+wl+wamp+median_freq,40,"{'n_neighbors': 1, 'weights': 'uniform'}",0.8333333333333334,0.7222222222222222
maxav+wl+mean_freq+median_freq,40,"{'n_neighbors': 1, 'weights': 'uniform'}",0.7619047619047619,0.75
maxav+ssc+zc+wamp,40,"{'n_neighbors': 1, 'weights': 'uniform'}",0.7857142857142857,0.6944444444444444
maxav+ssc+zc+mean_freq,40,"{'n_neighbors': 1, 'weights': 'uniform'}",0.75,0.75
maxav+ssc+zc+median_freq,40,"{'n_neighbors': 1, 'weights': 'uniform'}",0.6666666666666666,0.6944444444444444
maxav+ssc+wamp+mean_freq,40,"{'n_neighbors': 1, 'weights': 'uniform'}",0.8214285714285715,0.9166666666666666
maxav+ssc+wamp+median_freq,40,"{'n_neighbors': 1, 'weights': 'uniform'}",0.7142857142857143,0.6944444444444444
maxav+ssc+mean_freq+median_freq,40,"{'n_neighbors': 3, 'weights': 'distance'}",0.7619047619047619,0.7777777777777778
maxav+zc+wamp+mean_freq,40,"{'n_neighbors': 3, 'weights': 'distance'}",0.8214285714285713,0.7222222222222222
maxav+zc+wamp+median_freq,40,"{'n_neighbors': 3, 'weights': 'distance'}",0.7380952380952381,0.75
maxav+zc+mean_freq+median_freq,40,"{'n_neighbors': 1, 'weights': 'uniform'}",0.7738095238095237,0.75
maxav+wamp+mean_freq+median_freq,40,"{'n_neighbors': 3, 'weights': 'distance'}",0.75,0.8611111111111112
rms+wl+ssc+zc,40,"{'n_neighbors': 5, 'weights': 'distance'}",0.8214285714285715,0.75
rms+wl+ssc+wamp,40,"{'n_neighbors': 1, 'weights': 'uniform'}",0.7738095238095237,0.75
rms+wl+ssc+mean_freq,40,"{'n_neighbors': 1, 'weights': 'uniform'}",0.8571428571428572,0.8611111111111112
rms+wl+ssc+median_freq,40,"{'n_neighbors': 1, 'weights': 'uniform'}",0.75,0.75
rms+wl+zc+wamp,40,"{'n_neighbors': 1, 'weights': 'uniform'}",0.8690476190476191,0.7777777777777778
rms+wl+zc+mean_freq,40,"{'n_neighbors': 3, 'weights': 'distance'}",0.8333333333333334,0.8888888888888888
rms+wl+zc+median_freq,40,"{'n_neighbors': 5, 'weights': 'distance'}",0.7380952380952381,0.75
rms+wl+wamp+mean_freq,40,"{'n_neighbors': 1, 'weights': 'uniform'}",0.9166666666666666,0.8333333333333334
rms+wl+wamp+median_freq,40,"{'n_neighbors': 1, 'weights': 'uniform'}",0.8452380952380952,0.8611111111111112
rms+wl+mean_freq+median_freq,40,"{'n_neighbors': 1, 'weights': 'uniform'}",0.7857142857142857,0.8333333333333334
rms+ssc+zc+wamp,40,"{'n_neighbors': 5, 'weights': 'distance'}",0.8095238095238096,0.7222222222222222
rms+ssc+zc+mean_freq,40,"{'n_neighbors': 1, 'weights': 'uniform'}",0.7976190476190476,0.8333333333333334
rms+ssc+zc+median_freq,40,"{'n_neighbors': 1, 'weights': 'uniform'}",0.7380952380952381,0.6666666666666666
rms+ssc+wamp+mean_freq,40,"{'n_neighbors': 1, 'weights': 'uniform'}",0.8452380952380952,0.9166666666666666
rms+ssc+wamp+median_freq,40,"{'n_neighbors': 1, 'weights': 'uniform'}",0.8095238095238096,0.7777777777777778
rms+ssc+mean_freq+median_freq,40,"{'n_neighbors': 1, 'weights': 'uniform'}",0.7857142857142857,0.7222222222222222
rms+zc+wamp+mean_freq,40,"{'n_neighbors': 1, 'weights': 'uniform'}",0.8928571428571428,0.8055555555555556
rms+zc+wamp+median_freq,40,"{'n_neighbors': 3, 'weights': 'distance'}",0.7976190476190478,0.6944444444444444
rms+zc+mean_freq+median_freq,40,"{'n_neighbors': 1, 'weights': 'uniform'}",0.8452380952380952,0.8611111111111112
rms+wamp+mean_freq+median_freq,40,"{'n_neighbors': 1, 'weights': 'uniform'}",0.8214285714285715,0.6388888888888888
wl+ssc+zc+wamp,40,"{'n_neighbors': 1, 'weights': 'uniform'}",0.7619047619047619,0.7777777777777778
wl+ssc+zc+mean_freq,40,"{'n_neighbors': 1, 'weights': 'uniform'}",0.75,0.8611111111111112
wl+ssc+zc+median_freq,40,"{'n_neighbors': 3, 'weights': 'distance'}",0.6785714285714285,0.8333333333333334
wl+ssc+wamp+mean_freq,40,"{'n_neighbors': 1, 'weights': 'uniform'}",0.7976190476190476,0.8055555555555556
wl+ssc+wamp+median_freq,40,"{'n_neighbors': 3, 'weights': 'uniform'}",0.6785714285714285,0.6666666666666666
wl+ssc+mean_freq+median_freq,40,"{'n_neighbors': 1, 'weights': 'uniform'}",0.7023809523809524,0.8611111111111112
wl+zc+wamp+mean_freq,40,"{'n_neighbors': 5, 'weights': 'uniform'}",0.8333333333333334,0.75
wl+zc+wamp+median_freq,40,"{'n_neighbors': 1, 'weights': 'uniform'}",0.7976190476190476,0.6944444444444444
wl+zc+mean_freq+median_freq,40,"{'n_neighbors': 5, 'weights': 'distance'}",0.7142857142857144,0.8333333333333334
wl+wamp+mean_freq+median_freq,40,"{'n_neighbors': 1, 'weights': 'uniform'}",0.7261904761904762,0.8055555555555556
ssc+zc+wamp+mean_freq,40,"{'n_neighbors': 3, 'weights': 'distance'}",0.7738095238095237,0.8055555555555556
ssc+zc+wamp+median_freq,40,"{'n_neighbors': 5, 'weights': 'distance'}",0.7857142857142857,0.5
ssc+zc+mean_freq+median_freq,40,"{'n_neighbors': 1, 'weights': 'uniform'}",0.5714285714285714,0.5555555555555556
ssc+wamp+mean_freq+median_freq,40,"{'n_neighbors': 1, 'weights': 'uniform'}",0.7261904761904763,0.5277777777777778
zc+wamp+mean_freq+median_freq,40,"{'n_neighbors': 1, 'weights': 'uniform'}",0.6071428571428571,0.6944444444444444
mav+std+maxav+rms+wl,50,"{'n_neighbors': 1, 'weights': 'uniform'}",0.9523809523809524,0.8611111111111112
mav+std+maxav+rms+ssc,50,"{'n_neighbors': 1, 'weights': 'uniform'}",0.8690476190476191,0.9444444444444444
mav+std+maxav+rms+zc,50,"{'n_neighbors': 1, 'weights': 'uniform'}",0.869047619047619,0.9722222222222222
mav+std+maxav+rms+wamp,50,"{'n_neighbors': 1, 'weights': 'uniform'}",0.8690476190476191,0.9444444444444444
mav+std+maxav+rms+mean_freq,50,"{'n_neighbors': 3, 'weights': 'distance'}",0.8809523809523809,0.8888888888888888
mav+std+maxav+rms+median_freq,50,"{'n_neighbors': 5, 'weights': 'distance'}",0.8452380952380952,0.8333333333333334
mav+std+maxav+wl+ssc,50,"{'n_neighbors': 1, 'weights': 'uniform'}",0.8452380952380952,0.8611111111111112
mav+std+maxav+wl+zc,50,"{'n_neighbors': 1, 'weights': 'uniform'}",0.869047619047619,0.8888888888888888
mav+std+maxav+wl+wamp,50,"{'n_neighbors': 1, 'weights': 'uniform'}",0.9285714285714285,0.8888888888888888
mav+std+maxav+wl+mean_freq,50,"{'n_neighbors': 1, 'weights': 'uniform'}",0.8928571428571429,0.9722222222222222
mav+std+maxav+wl+median_freq,50,"{'n_neighbors': 1, 'weights': 'uniform'}",0.8571428571428571,0.8055555555555556
mav+std+maxav+ssc+zc,50,"{'n_neighbors': 1, 'weights': 'uniform'}",0.8928571428571428,0.8611111111111112
mav+std+maxav+ssc+wamp,50,"{'n_neighbors': 1, 'weights': 'uniform'}",0.8690476190476191,0.8888888888888888
mav+std+maxav+ssc+mean_freq,50,"{'n_neighbors': 1, 'weights': 'uniform'}",0.9166666666666666,0.8888888888888888
mav+std+maxav+ssc+median_freq,50,"{'n_neighbors': 1, 'weights': 'uniform'}",0.8690476190476191,0.8055555555555556
mav+std+maxav+zc+wamp,50,"{'n_neighbors': 1, 'weights': 'uniform'}",0.869047619047619,0.8888888888888888
mav+std+maxav+zc+mean_freq,50,"{'n_neighbors': 1, 'weights': 'uniform'}",0.8928571428571429,0.8888888888888888
mav+std+maxav+zc+median_freq,50,"{'n_neighbors': 3, 'weights': 'distance'}",0.8690476190476191,0.8333333333333334
mav+std+maxav+wamp+mean_freq,50,"{'n_neighbors': 3, 'weights': 'distance'}",0.9285714285714285,0.8333333333333334
mav+std+maxav+wamp+median_freq,50,"{'n_neighbors': 1, 'weights': 'uniform'}",0.8452380952380952,0.7777777777777778
mav+std+maxav+mean_freq+median_freq,50,"{'n_neighbors': 1, 'weights': 'uniform'}",0.8095238095238096,0.8333333333333334
mav+std+rms+wl+ssc,50,"{'n_neighbors': 5, 'weights': 'distance'}",0.8690476190476191,0.8888888888888888
mav+std+rms+wl+zc,50,"{'n_neighbors': 1, 'weights': 'uniform'}",0.9166666666666666,0.9166666666666666
mav+std+rms+wl+wamp,50,"{'n_neighbors': 1, 'weights': 'uniform'}",0.9285714285714285,0.8888888888888888
mav+std+rms+wl+mean_freq,50,"{'n_neighbors': 1, 'weights': 'uniform'}",0.8452380952380952,0.9166666666666666
mav+std+rms+wl+median_freq,50,"{'n_neighbors': 3, 'weights': 'distance'}",0.8571428571428571,0.8055555555555556
mav+std+rms+ssc+zc,50,"{'n_neighbors': 1, 'weights': 'uniform'}",0.8214285714285715,0.8611111111111112
mav+std+rms+ssc+wamp,50,"{'n_neighbors': 1, 'weights': 'uniform'}",0.8809523809523809,0.8888888888888888
mav+std+rms+ssc+mean_freq,50,"{'n_neighbors': 1, 'weights': 'uniform'}",0.8809523809523809,0.8611111111111112
mav+std+rms+ssc+median_freq,50,"{'n_neighbors': 1, 'weights': 'uniform'}",0.7738095238095237,0.9166666666666666
mav+std+rms+zc+wamp,50,"{'n_neighbors': 1, 'weights': 'uniform'}",0.8809523809523809,0.8888888888888888
mav+std+rms+zc+mean_freq,50,"{'n_neighbors': 1, 'weights': 'uniform'}",0.8809523809523809,0.9444444444444444
mav+std+rms+zc+median_freq,50,"{'n_neighbors': 1, 'weights': 'uniform'}",0.8452380952380952,0.9444444444444444
mav+std+rms+wamp+mean_freq,50,"{'n_neighbors': 3, 'weights': 'distance'}",0.8928571428571429,0.75
mav+std+rms+wamp+median_freq,50,"{'n_neighbors': 5, 'weights': 'distance'}",0.8452380952380952,0.8055555555555556
mav+std+rms+mean_freq+median_freq,50,"{'n_neighbors': 1, 'weights': 'uniform'}",0.8333333333333334,0.9166666666666666
mav+std+wl+ssc+zc,50,"{'n_neighbors': 1, 'weights': 'uniform'}",0.8095238095238094,0.8611111111111112
mav+std+wl+ssc+wamp,50,"{'n_neighbors': 3, 'weights': 'distance'}",0.7976190476190476,0.8888888888888888
mav+std+wl+ssc+mean_freq,50,"{'n_neighbors': 1, 'weights': 'uniform'}",0.9047619047619048,0.8333333333333334
mav+std+wl+ssc+median_freq,50,"{'n_neighbors': 1, 'weights': 'uniform'}",0.7857142857142856,0.9166666666666666
mav+std+wl+zc+wamp,50,"{'n_neighbors': 1, 'weights': 'uniform'}",0.8690476190476191,0.8611111111111112
mav+std+wl+zc+mean_freq,50,"{'n_neighbors': 1, 'weights': 'uniform'}",0.8690476190476191,0.9166666666666666
mav+std+wl+zc+median_freq,50,"{'n_neighbors': 1, 'weights': 'uniform'}",0.8214285714285715,0.8333333333333334
mav+std+wl+wamp+mean_freq,50,"{'n_neighbors': 1, 'weights': 'uniform'}",0.9166666666666666,0.8333333333333334
mav+std+wl+wamp+median_freq,50,"{'n_neighbors': 1, 'weights': 'uniform'}",0.8690476190476191,0.8055555555555556
mav+std+wl+mean_freq+median_freq,50,"{'n_neighbors': 1, 'weights': 'uniform'}",0.8571428571428572,0.8611111111111112
mav+std+ssc+zc+wamp,50,"{'n_neighbors': 1, 'weights': 'uniform'}",0.8690476190476191,0.7222222222222222
mav+std+ssc+zc+mean_freq,50,"{'n_neighbors': 1, 'weights': 'uniform'}",0.8928571428571429,0.8333333333333334
mav+std+ssc+zc+median_freq,50,"{'n_neighbors': 1, 'weights': 'uniform'}",0.7023809523809524,0.8333333333333334
mav+std+ssc+wamp+mean_freq,50,"{'n_neighbors': 1, 'weights': 'uniform'}",0.9404761904761906,0.8333333333333334
mav+std+ssc+wamp+median_freq,50,"{'n_neighbors': 1, 'weights': 'uniform'}",0.8214285714285715,0.7222222222222222
mav+std+ssc+mean_freq+median_freq,50,"{'n_neighbors': 1, 'weights': 'uniform'}",0.8333333333333334,0.8611111111111112
mav+std+zc+wamp+mean_freq,50,"{'n_neighbors': 1, 'weights': 'uniform'}",0.8452380952380952,0.8888888888888888
mav+std+zc+wamp+median_freq,50,"{'n_neighbors': 5, 'weights': 'distance'}",0.8095238095238094,0.6944444444444444
mav+std+zc+mean_freq+median_freq,50,"{'n_neighbors': 1, 'weights': 'uniform'}",0.8214285714285715,0.8888888888888888
mav+std+wamp+mean_freq+median_freq,50,"{'n_neighbors': 1, 'weights': 'uniform'}",0.8333333333333334,0.8611111111111112
mav+maxav+rms+wl+ssc,50,"{'n_neighbors': 1, 'weights': 'uniform'}",0.8809523809523809,0.9444444444444444
mav+maxav+rms+wl+zc,50,"{'n_neighbors': 1, 'weights': 'uniform'}",0.8928571428571429,0.8055555555555556
mav+maxav+rms+wl+wamp,50,"{'n_neighbors': 1, 'weights': 'uniform'}",0.8928571428571429,0.8333333333333334
mav+maxav+rms+wl+mean_freq,50,"{'n_neighbors': 1, 'weights': 'uniform'}",0.8571428571428572,0.8888888888888888
mav+maxav+rms+wl+median_freq,50,"{'n_neighbors': 1, 'weights': 'uniform'}",0.8333333333333334,0.8055555555555556
mav+maxav+rms+ssc+zc,50,"{'n_neighbors': 3, 'weights': 'distance'}",0.8571428571428572,0.8888888888888888
mav+maxav+rms+ssc+wamp,50,"{'n_neighbors': 1, 'weights': 'uniform'}",0.8571428571428571,0.8611111111111112
mav+maxav+rms+ssc+mean_freq,50,"{'n_neighbors': 1, 'weights': 'uniform'}",0.8809523809523809,0.7777777777777778
mav+maxav+rms+ssc+median_freq,50,"{'n_neighbors': 1, 'weights': 'uniform'}",0.8452380952380952,0.8055555555555556
mav+maxav+rms+zc+wamp,50,"{'n_neighbors': 3, 'weights': 'distance'}",0.8095238095238094,0.8333333333333334
mav+maxav+rms+zc+mean_freq,50,"{'n_neighbors': 1, 'weights': 'uniform'}",0.8809523809523809,0.7777777777777778
mav+maxav+rms+zc+median_freq,50,"{'n_neighbors': 1, 'weights': 'uniform'}",0.8095238095238094,0.8333333333333334
mav+maxav+rms+wamp+mean_freq,50,"{'n_neighbors': 5, 'weights': 'distance'}",0.869047619047619,0.8333333333333334
mav+maxav+rms+wamp+median_freq,50,"{'n_neighbors': 3, 'weights': 'distance'}",0.8333333333333334,0.8333333333333334
mav+maxav+rms+mean_freq+median_freq,50,"{'n_neighbors': 3, 'weights': 'distance'}",0.8333333333333334,0.8055555555555556
mav+maxav+wl+ssc+zc,50,"{'n_neighbors': 1, 'weights': 'uniform'}",0.8571428571428572,0.8888888888888888
mav+maxav+wl+ssc+wamp,50,"{'n_neighbors': 1, 'weights': 'uniform'}",0.8214285714285715,0.7777777777777778
mav+maxav+wl+ssc+mean_freq,50,"{'n_neighbors': 7, 'weights': 'distance'}",0.8690476190476191,0.7222222222222222
mav+maxav+wl+ssc+median_freq,50,"{'n_neighbors': 1, 'weights': 'uniform'}",0.8333333333333334,0.7222222222222222
mav+maxav+wl+zc+wamp,50,"{'n_neighbors': 1, 'weights': 'uniform'}",0.8928571428571429,0.8611111111111112
mav+maxav+wl+zc+mean_freq,50,"{'n_neighbors': 1, 'weights': 'uniform'}",0.8809523809523809,0.9444444444444444
mav+maxav+wl+zc+median_freq,50,"{'n_neighbors': 1, 'weights': 'uniform'}",0.7738095238095237,0.8333333333333334
mav+maxav+wl+wamp+mean_freq,50,"{'n_neighbors': 1, 'weights': 'uniform'}",0.9285714285714285,0.8611111111111112
mav+maxav+wl+wamp+median_freq,50,"{'n_neighbors': 1, 'weights': 'uniform'}",0.8690476190476191,0.7777777777777778
mav+maxav+wl+mean_freq+median_freq,50,"{'n_neighbors': 3, 'weights': 'distance'}",0.8095238095238096,0.7777777777777778
mav+maxav+ssc+zc+wamp,50,"{'n_neighbors': 3, 'weights': 'distance'}",0.8214285714285715,0.8333333333333334
mav+maxav+ssc+zc+mean_freq,50,"{'n_neighbors': 5, 'weights': 'distance'}",0.7976190476190478,0.9166666666666666
mav+maxav+ssc+zc+median_freq,50,"{'n_neighbors': 1, 'weights': 'uniform'}",0.7857142857142857,0.6944444444444444
mav+maxav+ssc+wamp+mean_freq,50,"{'n_neighbors': 1, 'weights': 'uniform'}",0.8452380952380952,0.8611111111111112
mav+maxav+ssc+wamp+median_freq,50,"{'n_neighbors': 3, 'weights': 'distance'}",0.7976190476190476,0.6944444444444444
mav+maxav+ssc+mean_freq+median_freq,50,"{'n_neighbors': 1, 'weights': 'uniform'}",0.7857142857142857,0.8611111111111112
mav+maxav+zc+wamp+mean_freq,50,"{'n_neighbors': 1, 'weights': 'uniform'}",0.8214285714285715,0.8888888888888888
mav+maxav+zc+wamp+median_freq,50,"{'n_neighbors': 3, 'weights': 'distance'}",0.7857142857142857,0.8055555555555556
mav+maxav+zc+mean_freq+median_freq,50,"{'n_neighbors': 1, 'weights': 'uniform'}",0.7619047619047619,0.8055555555555556
mav+maxav+wamp+mean_freq+median_freq,50,"{'n_neighbors': 1, 'weights': 'uniform'}",0.8333333333333334,0.8333333333333334
mav+rms+wl+ssc+zc,50,"{'n_neighbors': 5, 'weights': 'distance'}",0.8214285714285715,0.8611111111111112
mav+rms+wl+ssc+wamp,50,"{'n_neighbors': 1, 'weights': 'uniform'}",0.8809523809523809,0.8888888888888888
mav+rms+wl+ssc+mean_freq,50,"{'n_neighbors': 1, 'weights': 'uniform'}",0.8928571428571428,0.8055555555555556
mav+rms+wl+ssc+median_freq,50,"{'n_neighbors': 1, 'weights': 'uniform'}",0.8452380952380952,0.6666666666666666
mav+rms+wl+zc+wamp,50,"{'n_neighbors': 1, 'weights': 'uniform'}",0.8333333333333334,0.8888888888888888
mav+rms+wl+zc+mean_freq,50,"{'n_neighbors': 1, 'weights': 'uniform'}",0.8928571428571429,0.8888888888888888
mav+rms+wl+zc+median_freq,50,"{'n_neighbors': 5, 'weights': 'distance'}",0.8095238095238094,0.8611111111111112
mav+rms+wl+wamp+mean_freq,50,"{'n_neighbors': 1, 'weights': 'uniform'}",0.9166666666666666,0.8888888888888888
mav+rms+wl+wamp+median_freq,50,"{'n_neighbors': 7, 'weights': 'distance'}",0.8452380952380952,0.8055555555555556
mav+rms+wl+mean_freq+median_freq,50,"{'n_neighbors': 1, 'weights': 'uniform'}",0.8333333333333334,0.9166666666666666
mav+rms+ssc+zc+wamp,50,"{'n_neighbors': 1, 'weights': 'uniform'}",0.7976190476190476,0.8888888888888888
mav+rms+ssc+zc+mean_freq,50,"{'n_neighbors': 1, 'weights': 'uniform'}",0.7976190476190476,1.0
mav+rms+ssc+zc+median_freq,50,"{'n_neighbors': 1, 'weights': 'uniform'}",0.7380952380952381,0.8611111111111112
mav+rms+ssc+wamp+mean_freq,50,"{'n_neighbors': 3, 'weights': 'distance'}",0.8214285714285715,0.8333333333333334
mav+rms+ssc+wamp+median_freq,50,"{'n_neighbors': 1, 'weights': 'uniform'}",0.8214285714285715,0.6944444444444444
mav+rms+ssc+mean_freq+median_freq,50,"{'n_neighbors': 1, 'weights': 'uniform'}",0.8214285714285715,0.7777777777777778
mav+rms+zc+wamp+mean_freq,50,"{'n_neighbors': 1, 'weights': 'uniform'}",0.9285714285714285,0.8611111111111112
mav+rms+zc+wamp+median_freq,50,"{'n_neighbors': 1, 'weights': 'uniform'}",0.8333333333333334,0.75
mav+rms+zc+mean_freq+median_freq,50,"{'n_neighbors': 1, 'weights': 'uniform'}",0.7976190476190476,0.8333333333333334
mav+rms+wamp+mean_freq+median_freq,50,"{'n_neighbors': 1, 'weights': 'uniform'}",0.7976190476190476,0.8611111111111112
mav+wl+ssc+zc+wamp,50,"{'n_neighbors': 3, 'weights': 'distance'}",0.8095238095238096,0.6944444444444444
mav+wl+ssc+zc+mean_freq,50,"{'n_neighbors': 1, 'weights': 'uniform'}",0.8928571428571428,0.8055555555555556
mav+wl+ssc+zc+median_freq,50,"{'n_neighbors': 1, 'weights': 'uniform'}",0.8095238095238094,0.6666666666666666
mav+wl+ssc+wamp+mean_freq,50,"{'n_neighbors': 5, 'weights': 'distance'}",0.8571428571428572,0.8611111111111112
mav+wl+ssc+wamp+median_freq,50,"{'n_neighbors': 1, 'weights': 'uniform'}",0.75,0.8888888888888888
mav+wl+ssc+mean_freq+median_freq,50,"{'n_neighbors': 1, 'weights': 'uniform'}",0.8690476190476191,0.75
mav+wl+zc+wamp+mean_freq,50,"{'n_neighbors': 1, 'weights': 'uniform'}",0.869047619047619,0.8888888888888888
mav+wl+zc+wamp+median_freq,50,"{'n_neighbors': 1, 'weights': 'uniform'}",0.7738095238095238,0.8611111111111112
mav+wl+zc+mean_freq+median_freq,50,"{'n_neighbors': 3, 'weights': 'distance'}",0.8214285714285715,0.8888888888888888
mav+wl+wamp+mean_freq+median_freq,50,"{'n_neighbors': 1, 'weights': 'uniform'}",0.7619047619047619,0.8333333333333334
mav+ssc+zc+wamp+mean_freq,50,"{'n_neighbors': 1, 'weights': 'uniform'}",0.8095238095238096,0.7777777777777778
mav+ssc+zc+wamp+median_freq,50,"{'n_neighbors': 7, 'weights': 'distance'}",0.75,0.7222222222222222
mav+ssc+zc+mean_freq+median_freq,50,"{'n_neighbors': 3, 'weights': 'distance'}",0.7619047619047619,0.7222222222222222
mav+ssc+wamp+mean_freq+median_freq,50,"{'n_neighbors': 5, 'weights': 'uniform'}",0.7976190476190476,0.6666666666666666
mav+zc+wamp+mean_freq+median_freq,50,"{'n_neighbors': 1, 'weights': 'uniform'}",0.8214285714285715,0.8333333333333334
std+maxav+rms+wl+ssc,50,"{'n_neighbors': 3, 'weights': 'distance'}",0.880952380952381,0.9444444444444444
std+maxav+rms+wl+zc,50,"{'n_neighbors': 1, 'weights': 'uniform'}",0.8214285714285715,0.9444444444444444
std+maxav+rms+wl+wamp,50,"{'n_neighbors': 1, 'weights': 'uniform'}",0.9047619047619048,0.9722222222222222
std+maxav+rms+wl+mean_freq,50,"{'n_neighbors': 3, 'weights': 'distance'}",0.8690476190476191,0.9722222222222222
std+maxav+rms+wl+median_freq,50,"{'n_neighbors': 3, 'weights': 'distance'}",0.9047619047619048,0.8055555555555556
std+maxav+rms+ssc+zc,50,"{'n_neighbors': 1, 'weights': 'uniform'}",0.8452380952380952,0.8888888888888888
std+maxav+rms+ssc+wamp,50,"{'n_neighbors': 1, 'weights': 'uniform'}",0.8333333333333334,0.9166666666666666
std+maxav+rms+ssc+mean_freq,50,"{'n_neighbors': 1, 'weights': 'uniform'}",0.7857142857142857,0.8888888888888888
std+maxav+rms+ssc+median_freq,50,"{'n_neighbors': 1, 'weights': 'uniform'}",0.7857142857142857,0.8611111111111112
std+maxav+rms+zc+wamp,50,"{'n_neighbors': 1, 'weights': 'uniform'}",0.9047619047619048,0.8888888888888888
std+maxav+rms+zc+mean_freq,50,"{'n_neighbors': 1, 'weights': 'uniform'}",0.9047619047619048,0.8055555555555556
std+maxav+rms+zc+median_freq,50,"{'n_neighbors': 1, 'weights': 'uniform'}",0.8452380952380952,0.7777777777777778
std+maxav+rms+wamp+mean_freq,50,"{'n_neighbors': 7, 'weights': 'distance'}",0.8333333333333334,0.8333333333333334
std+maxav+rms+wamp+median_freq,50,"{'n_neighbors': 3, 'weights': 'distance'}",0.8452380952380952,0.9166666666666666
std+maxav+rms+mean_freq+median_freq,50,"{'n_neighbors': 1, 'weights': 'uniform'}",0.8214285714285715,0.8888888888888888
std+maxav+wl+ssc+zc,50,"{'n_neighbors': 1, 'weights': 'uniform'}",0.9047619047619048,0.75
std+maxav+wl+ssc+wamp,50,"{'n_neighbors': 1, 'weights': 'uniform'}",0.9047619047619048,0.8611111111111112
std+maxav+wl+ssc+mean_freq,50,"{'n_neighbors': 1, 'weights': 'uniform'}",0.7857142857142857,0.9444444444444444
std+maxav+wl+ssc+median_freq,50,"{'n_neighbors': 1, 'weights': 'uniform'}",0.8095238095238094,0.7777777777777778
std+maxav+wl+zc+wamp,50,"{'n_neighbors': 1, 'weights': 'uniform'}",0.8809523809523809,0.8611111111111112
std+maxav+wl+zc+mean_freq,50,"{'n_neighbors': 1, 'weights': 'uniform'}",0.9047619047619048,0.8333333333333334
std+maxav+wl+zc+median_freq,50,"{'n_neighbors': 1, 'weights': 'uniform'}",0.8333333333333334,0.7777777777777778
std+maxav+wl+wamp+mean_freq,50,"{'n_neighbors': 3, 'weights': 'distance'}",0.8571428571428571,0.8888888888888888
std+maxav+wl+wamp+median_freq,50,"{'n_neighbors': 1, 'weights': 'uniform'}",0.8928571428571429,0.6944444444444444
std+maxav+wl+mean_freq+median_freq,50,"{'n_neighbors': 1, 'weights': 'uniform'}",0.8095238095238094,0.8055555555555556
std+maxav+ssc+zc+wamp,50,"{'n_neighbors': 3, 'weights': 'distance'}",0.8333333333333334,0.8888888888888888
std+maxav+ssc+zc+mean_freq,50,"{'n_neighbors': 3, 'weights': 'distance'}",0.7976190476190476,0.9166666666666666
std+maxav+ssc+zc+median_freq,50,"{'n_neighbors': 1, 'weights': 'uniform'}",0.8095238095238094,0.7777777777777778
std+maxav+ssc+wamp+mean_freq,50,"{'n_neighbors': 1, 'weights': 'uniform'}",0.8214285714285715,0.8888888888888888
std+maxav+ssc+wamp+median_freq,50,"{'n_neighbors': 1, 'weights': 'uniform'}",0.7380952380952381,0.8611111111111112
std+maxav+ssc+mean_freq+median_freq,50,"{'n_neighbors': 1, 'weights': 'uniform'}",0.869047619047619,0.8888888888888888
std+maxav+zc+wamp+mean_freq,50,"{'n_neighbors': 5, 'weights': 'distance'}",0.880952380952381,0.6944444444444444
std+maxav+zc+wamp+median_freq,50,"{'n_neighbors': 3, 'weights': 'distance'}",0.7261904761904762,0.7777777777777778
std+maxav+zc+mean_freq+median_freq,50,"{'n_neighbors': 1, 'weights': 'uniform'}",0.7738095238095237,0.8611111111111112
std+maxav+wamp+mean_freq+median_freq,50,"{'n_neighbors': 3, 'weights': 'distance'}",0.8452380952380952,0.75
std+rms+wl+ssc+zc,50,"{'n_neighbors': 1, 'weights': 'uniform'}",0.7857142857142857,0.8888888888888888
std+rms+wl+ssc+wamp,50,"{'n_neighbors': 1, 'weights': 'uniform'}",0.8333333333333334,0.7777777777777778
std+rms+wl+ssc+mean_freq,50,"{'n_neighbors': 1, 'weights': 'uniform'}",0.8571428571428571,0.9444444444444444
std+rms+wl+ssc+median_freq,50,"{'n_neighbors': 5, 'weights': 'distance'}",0.7976190476190476,0.8888888888888888
std+rms+wl+zc+wamp,50,"{'n_neighbors': 1, 'weights': 'uniform'}",0.8214285714285713,0.8888888888888888
std+rms+wl+zc+mean_freq,50,"{'n_neighbors': 1, 'weights': 'uniform'}",0.8809523809523809,0.9444444444444444
std+rms+wl+zc+median_freq,50,"{'n_neighbors': 1, 'weights': 'uniform'}",0.8809523809523809,0.8611111111111112
std+rms+wl+wamp+mean_freq,50,"{'n_neighbors': 1, 'weights': 'uniform'}",0.8214285714285715,0.9166666666666666
std+rms+wl+wamp+median_freq,50,"{'n_neighbors': 1, 'weights': 'uniform'}",0.8452380952380952,0.8888888888888888
std+rms+wl+mean_freq+median_freq,50,"{'n_neighbors': 1, 'weights': 'uniform'}",0.8452380952380952,0.8333333333333334
std+rms+ssc+zc+wamp,50,"{'n_neighbors': 3, 'weights': 'distance'}",0.8928571428571429,0.8055555555555556
std+rms+ssc+zc+mean_freq,50,"{'n_neighbors': 1, 'weights': 'uniform'}",0.8452380952380952,0.9166666666666666
std+rms+ssc+zc+median_freq,50,"{'n_neighbors': 1, 'weights': 'uniform'}",0.8095238095238094,0.8333333333333334
std+rms+ssc+wamp+mean_freq,50,"{'n_neighbors': 1, 'weights': 'uniform'}",0.8452380952380952,0.8611111111111112
std+rms+ssc+wamp+median_freq,50,"{'n_neighbors': 1, 'weights': 'uniform'}",0.8928571428571428,0.6666666666666666
std+rms+ssc+mean_freq+median_freq,50,"{'n_neighbors': 1, 'weights': 'uniform'}",0.8690476190476191,0.8055555555555556
std+rms+zc+wamp+mean_freq,50,"{'n_neighbors': 7, 'weights': 'distance'}",0.8095238095238096,0.75
std+rms+zc+wamp+median_freq,50,"{'n_neighbors': 1, 'weights': 'uniform'}",0.8214285714285715,0.8611111111111112
std+rms+zc+mean_freq+median_freq,50,"{'n_neighbors': 1, 'weights': 'uniform'}",0.8095238095238094,0.8888888888888888
std+rms+wamp+mean_freq+median_freq,50,"{'n_neighbors': 3, 'weights': 'uniform'}",0.8690476190476191,0.8333333333333334
std+wl+ssc+zc+wamp,50,"{'n_neighbors': 3, 'weights': 'distance'}",0.7976190476190476,0.8611111111111112
std+wl+ssc+zc+mean_freq,50,"{'n_neighbors': 1, 'weights': 'uniform'}",0.8095238095238094,0.8888888888888888
std+wl+ssc+zc+median_freq,50,"{'n_neighbors': 7, 'weights': 'uniform'}",0.7142857142857143,0.75
std+wl+ssc+wamp+mean_freq,50,"{'n_neighbors': 1, 'weights': 'uniform'}",0.8452380952380952,0.8333333333333334
std+wl+ssc+wamp+median_freq,50,"{'n_neighbors': 1, 'weights': 'uniform'}",0.8095238095238094,0.8055555555555556
std+wl+ssc+mean_freq+median_freq,50,"{'n_neighbors': 1, 'weights': 'uniform'}",0.7976190476190476,0.8333333333333334
std+wl+zc+wamp+mean_freq,50,"{'n_neighbors': 1, 'weights': 'uniform'}",0.8690476190476191,0.8611111111111112
std+wl+zc+wamp+median_freq,50,"{'n_neighbors': 7, 'weights': 'distance'}",0.8452380952380952,0.8055555555555556
std+wl+zc+mean_freq+median_freq,50,"{'n_neighbors': 1, 'weights': 'uniform'}",0.8214285714285715,0.8888888888888888
std+wl+wamp+mean_freq+median_freq,50,"{'n_neighbors': 1, 'weights': 'uniform'}",0.8214285714285715,0.8055555555555556
std+ssc+zc+wamp+mean_freq,50,"{'n_neighbors': 5, 'weights': 'distance'}",0.7857142857142857,0.8611111111111112
std+ssc+zc+wamp+median_freq,50,"{'n_neighbors': 3, 'weights': 'uniform'}",0.7619047619047619,0.6666666666666666
std+ssc+zc+mean_freq+median_freq,50,"{'n_neighbors': 1, 'weights': 'uniform'}",0.7619047619047619,0.8333333333333334
std+ssc+wamp+mean_freq+median_freq,50,"{'n_neighbors': 1, 'weights': 'uniform'}",0.7857142857142857,0.8611111111111112
std+zc+wamp+mean_freq+median_freq,50,"{'n_neighbors': 1, 'weights': 'uniform'}",0.7976190476190476,0.8055555555555556
maxav+rms+wl+ssc+zc,50,"{'n_neighbors': 1, 'weights': 'uniform'}",0.8214285714285715,0.9166666666666666
maxav+rms+wl+ssc+wamp,50,"{'n_neighbors': 1, 'weights': 'uniform'}",0.8452380952380952,0.8333333333333334
maxav+rms+wl+ssc+mean_freq,50,"{'n_neighbors': 3, 'weights': 'uniform'}",0.8333333333333334,0.7222222222222222
maxav+rms+wl+ssc+median_freq,50,"{'n_neighbors': 1, 'weights': 'uniform'}",0.8452380952380952,0.7777777777777778
maxav+rms+wl+zc+wamp,50,"{'n_neighbors': 1, 'weights': 'uniform'}",0.8095238095238094,0.8055555555555556
maxav+rms+wl+zc+mean_freq,50,"{'n_neighbors': 7, 'weights': 'distance'}",0.8452380952380952,0.8333333333333334
maxav+rms+wl+zc+median_freq,50,"{'n_neighbors': 3, 'weights': 'distance'}",0.7380952380952381,0.8333333333333334
maxav+rms+wl+wamp+mean_freq,50,"{'n_neighbors': 1, 'weights': 'uniform'}",0.9047619047619048,0.9444444444444444
maxav+rms+wl+wamp+median_freq,50,"{'n_neighbors': 1, 'weights': 'uniform'}",0.8809523809523809,0.75
maxav+rms+wl+mean_freq+median_freq,50,"{'n_neighbors': 1, 'weights': 'uniform'}",0.8928571428571429,0.8333333333333334
maxav+rms+ssc+zc+wamp,50,"{'n_neighbors': 3, 'weights': 'distance'}",0.8214285714285715,0.8888888888888888
maxav+rms+ssc+zc+mean_freq,50,"{'n_neighbors': 1, 'weights': 'uniform'}",0.8214285714285715,0.8888888888888888
maxav+rms+ssc+zc+median_freq,50,"{'n_neighbors': 1, 'weights': 'uniform'}",0.7738095238095237,0.7222222222222222
maxav+rms+ssc+wamp+mean_freq,50,"{'n_neighbors': 5, 'weights': 'distance'}",0.8214285714285715,0.9444444444444444
maxav+rms+ssc+wamp+median_freq,50,"{'n_neighbors': 1, 'weights': 'uniform'}",0.8214285714285715,0.6666666666666666
maxav+rms+ssc+mean_freq+median_freq,50,"{'n_neighbors': 1, 'weights': 'uniform'}",0.7976190476190476,0.8055555555555556
maxav+rms+zc+wamp+mean_freq,50,"{'n_neighbors': 1, 'weights': 'uniform'}",0.8690476190476191,0.8611111111111112
maxav+rms+zc+wamp+median_freq,50,"{'n_neighbors': 1, 'weights': 'uniform'}",0.8571428571428572,0.8611111111111112
maxav+rms+zc+mean_freq+median_freq,50,"{'n_neighbors': 1, 'weights': 'uniform'}",0.8333333333333334,0.8611111111111112
maxav+rms+wamp+mean_freq+median_freq,50,"{'n_neighbors': 1, 'weights': 'uniform'}",0.8333333333333334,0.7777777777777778
maxav+wl+ssc+zc+wamp,50,"{'n_neighbors': 5, 'weights': 'distance'}",0.7380952380952381,0.8888888888888888
maxav+wl+ssc+zc+mean_freq,50,"{'n_neighbors': 1, 'weights': 'uniform'}",0.8214285714285715,0.8611111111111112
maxav+wl+ssc+zc+median_freq,50,"{'n_neighbors': 1, 'weights': 'uniform'}",0.7023809523809524,0.75
maxav+wl+ssc+wamp+mean_freq,50,"{'n_neighbors': 3, 'weights': 'uniform'}",0.8333333333333334,0.6944444444444444
maxav+wl+ssc+wamp+median_freq,50,"{'n_neighbors': 7, 'weights': 'distance'}",0.7857142857142857,0.7777777777777778
maxav+wl+ssc+mean_freq+median_freq,50,"{'n_neighbors': 5, 'weights': 'distance'}",0.8095238095238096,0.7222222222222222
maxav+wl+zc+wamp+mean_freq,50,"{'n_neighbors': 1, 'weights': 'uniform'}",0.7976190476190476,0.8333333333333334
maxav+wl+zc+wamp+median_freq,50,"{'n_neighbors': 3, 'weights': 'distance'}",0.7380952380952381,0.8333333333333334
maxav+wl+zc+mean_freq+median_freq,50,"{'n_neighbors': 1, 'weights': 'uniform'}",0.7619047619047619,0.9166666666666666
maxav+wl+wamp+mean_freq+median_freq,50,"{'n_neighbors': 3, 'weights': 'uniform'}",0.7738095238095238,0.7777777777777778
maxav+ssc+zc+wamp+mean_freq,50,"{'n_neighbors': 1, 'weights': 'uniform'}",0.8452380952380952,0.75
maxav+ssc+zc+wamp+median_freq,50,"{'n_neighbors': 1, 'weights': 'uniform'}",0.7380952380952381,0.6388888888888888
maxav+ssc+zc+mean_freq+median_freq,50,"{'n_neighbors': 1, 'weights': 'uniform'}",0.75,0.8888888888888888
maxav+ssc+wamp+mean_freq+median_freq,50,"{'n_neighbors': 1, 'weights': 'uniform'}",0.8095238095238096,0.7222222222222222
maxav+zc+wamp+mean_freq+median_freq,50,"{'n_neighbors': 1, 'weights': 'uniform'}",0.7857142857142857,0.8888888888888888
rms+wl+ssc+zc+wamp,50,"{'n_neighbors': 1, 'weights': 'uniform'}",0.7976190476190476,0.8333333333333334
rms+wl+ssc+zc+mean_freq,50,"{'n_neighbors': 1, 'weights': 'uniform'}",0.8333333333333334,0.8611111111111112
rms+wl+ssc+zc+median_freq,50,"{'n_neighbors': 3, 'weights': 'uniform'}",0.8095238095238094,0.7777777777777778
rms+wl+ssc+wamp+mean_freq,50,"{'n_neighbors': 1, 'weights': 'uniform'}",0.8690476190476191,0.9166666666666666
rms+wl+ssc+wamp+median_freq,50,"{'n_neighbors': 1, 'weights': 'uniform'}",0.7976190476190476,0.8055555555555556
rms+wl+ssc+mean_freq+median_freq,50,"{'n_neighbors': 1, 'weights': 'uniform'}",0.8214285714285713,0.8333333333333334
rms+wl+zc+wamp+mean_freq,50,"{'n_neighbors': 3, 'weights': 'distance'}",0.8928571428571428,0.9166666666666666
rms+wl+zc+wamp+median_freq,50,"{'n_neighbors': 3, 'weights': 'uniform'}",0.7976190476190476,0.8055555555555556
rms+wl+zc+mean_freq+median_freq,50,"{'n_neighbors': 3, 'weights': 'distance'}",0.7261904761904763,0.8611111111111112
rms+wl+wamp+mean_freq+median_freq,50,"{'n_neighbors': 3, 'weights': 'distance'}",0.8214285714285715,0.6944444444444444
rms+ssc+zc+wamp+mean_freq,50,"{'n_neighbors': 1, 'weights': 'uniform'}",0.8452380952380952,0.8611111111111112
rms+ssc+zc+wamp+median_freq,50,"{'n_neighbors': 1, 'weights': 'uniform'}",0.7738095238095237,0.8055555555555556
rms+ssc+zc+mean_freq+median_freq,50,"{'n_neighbors': 1, 'weights': 'uniform'}",0.7023809523809524,0.8611111111111112
rms+ssc+wamp+mean_freq+median_freq,50,"{'n_neighbors': 1, 'weights': 'uniform'}",0.7857142857142857,0.7777777777777778
rms+zc+wamp+mean_freq+median_freq,50,"{'n_neighbors': 1, 'weights': 'uniform'}",0.7857142857142857,0.75
wl+ssc+zc+wamp+mean_freq,50,"{'n_neighbors': 1, 'weights': 'uniform'}",0.8095238095238094,0.8055555555555556
wl+ssc+zc+wamp+median_freq,50,"{'n_neighbors': 1, 'weights': 'uniform'}",0.7023809523809524,0.6388888888888888
wl+ssc+zc+mean_freq+median_freq,50,"{'n_neighbors': 1, 'weights': 'uniform'}",0.7142857142857143,0.8888888888888888
wl+ssc+wamp+mean_freq+median_freq,50,"{'n_neighbors': 1, 'weights': 'uniform'}",0.75,0.75
wl+zc+wamp+mean_freq+median_freq,50,"{'n_neighbors': 1, 'weights': 'uniform'}",0.7261904761904763,0.75
ssc+zc+wamp+mean_freq+median_freq,50,"{'n_neighbors': 1, 'weights': 'uniform'}",0.7142857142857143,0.8611111111111112
mav+std+maxav+rms+wl+ssc,60,"{'n_neighbors': 1, 'weights': 'uniform'}",0.8571428571428571,0.8888888888888888
mav+std+maxav+rms+wl+zc,60,"{'n_neighbors': 1, 'weights': 'uniform'}",0.8571428571428571,0.8888888888888888
mav+std+maxav+rms+wl+wamp,60,"{'n_neighbors': 3, 'weights': 'distance'}",0.9642857142857144,0.8888888888888888
mav+std+maxav+rms+wl+mean_freq,60,"{'n_neighbors': 1, 'weights': 'uniform'}",0.9404761904761906,0.8888888888888888
mav+std+maxav+rms+wl+median_freq,60,"{'n_neighbors': 1, 'weights': 'uniform'}",0.8928571428571429,0.8333333333333334
mav+std+maxav+rms+ssc+zc,60,"{'n_neighbors': 1, 'weights': 'uniform'}",0.9047619047619048,0.7777777777777778
mav+std+maxav+rms+ssc+wamp,60,"{'n_neighbors': 3, 'weights': 'distance'}",0.8571428571428571,0.8888888888888888
mav+std+maxav+rms+ssc+mean_freq,60,"{'n_neighbors': 5, 'weights': 'distance'}",0.8928571428571429,0.9444444444444444
mav+std+maxav+rms+ssc+median_freq,60,"{'n_neighbors': 5, 'weights': 'uniform'}",0.8333333333333334,0.75
mav+std+maxav+rms+zc+wamp,60,"{'n_neighbors': 3, 'weights': 'uniform'}",0.8690476190476191,0.8611111111111112
mav+std+maxav+rms+zc+mean_freq,60,"{'n_neighbors': 1, 'weights': 'uniform'}",0.8928571428571428,1.0
mav+std+maxav+rms+zc+median_freq,60,"{'n_neighbors': 1, 'weights': 'uniform'}",0.8214285714285715,0.9444444444444444
mav+std+maxav+rms+wamp+mean_freq,60,"{'n_neighbors': 1, 'weights': 'uniform'}",0.869047619047619,0.8888888888888888
mav+std+maxav+rms+wamp+median_freq,60,"{'n_neighbors': 3, 'weights': 'distance'}",0.8690476190476191,0.8611111111111112
mav+std+maxav+rms+mean_freq+median_freq,60,"{'n_neighbors': 1, 'weights': 'uniform'}",0.8690476190476191,0.7777777777777778
mav+std+maxav+wl+ssc+zc,60,"{'n_neighbors': 1, 'weights': 'uniform'}",0.869047619047619,0.8611111111111112
mav+std+maxav+wl+ssc+wamp,60,"{'n_neighbors': 1, 'weights': 'uniform'}",0.8333333333333334,0.8888888888888888
mav+std+maxav+wl+ssc+mean_freq,60,"{'n_neighbors': 1, 'weights': 'uniform'}",0.9047619047619048,0.9444444444444444
mav+std+maxav+wl+ssc+median_freq,60,"{'n_neighbors': 3, 'weights': 'distance'}",0.8333333333333334,0.8055555555555556
mav+std+maxav+wl+zc+wamp,60,"{'n_neighbors': 1, 'weights': 'uniform'}",0.8333333333333334,0.9166666666666666
mav+std+maxav+wl+zc+mean_freq,60,"{'n_neighbors': 1, 'weights': 'uniform'}",0.9166666666666666,0.8888888888888888
mav+std+maxav+wl+zc+median_freq,60,"{'n_neighbors': 1, 'weights': 'uniform'}",0.8690476190476191,0.7777777777777778
mav+std+maxav+wl+wamp+mean_freq,60,"{'n_neighbors': 3, 'weights': 'distance'}",0.8333333333333334,0.8888888888888888
mav+std+maxav+wl+wamp+median_freq,60,"{'n_neighbors': 1, 'weights': 'uniform'}",0.7976190476190476,0.9444444444444444
mav+std+maxav+wl+mean_freq+median_freq,60,"{'n_neighbors': 1, 'weights': 'uniform'}",0.8571428571428571,0.8055555555555556
mav+std+maxav+ssc+zc+wamp,60,"{'n_neighbors': 5, 'weights': 'distance'}",0.8095238095238096,0.9166666666666666
mav+std+maxav+ssc+zc+mean_freq,60,"{'n_neighbors': 1, 'weights': 'uniform'}",0.8452380952380952,0.8888888888888888
mav+std+maxav+ssc+zc+median_freq,60,"{'n_neighbors': 1, 'weights': 'uniform'}",0.8928571428571429,0.8333333333333334
mav+std+maxav+ssc+wamp+mean_freq,60,"{'n_neighbors': 3, 'weights': 'distance'}",0.8928571428571429,0.8055555555555556
mav+std+maxav+ssc+wamp+median_freq,60,"{'n_neighbors': 1, 'weights': 'uniform'}",0.8452380952380952,0.9722222222222222
mav+std+maxav+ssc+mean_freq+median_freq,60,"{'n_neighbors': 1, 'weights': 'uniform'}",0.8214285714285715,0.8888888888888888
mav+std+maxav+zc+wamp+mean_freq,60,"{'n_neighbors': 1, 'weights': 'uniform'}",0.8333333333333334,0.9166666666666666
mav+std+maxav+zc+wamp+median_freq,60,"{'n_neighbors': 7, 'weights': 'distance'}",0.7976190476190476,0.8055555555555556
mav+std+maxav+zc+mean_freq+median_freq,60,"{'n_neighbors': 1, 'weights': 'uniform'}",0.8809523809523809,0.8055555555555556
mav+std+maxav+wamp+mean_freq+median_freq,60,"{'n_neighbors': 1, 'weights': 'uniform'}",0.8214285714285715,0.7222222222222222
mav+std+rms+wl+ssc+zc,60,"{'n_neighbors': 1, 'weights': 'uniform'}",0.8571428571428572,0.8611111111111112
mav+std+rms+wl+ssc+wamp,60,"{'n_neighbors': 1, 'weights': 'uniform'}",0.9047619047619048,0.7777777777777778
mav+std+rms+wl+ssc+mean_freq,60,"{'n_neighbors': 5, 'weights': 'distance'}",0.8928571428571428,0.75
mav+std+rms+wl+ssc+median_freq,60,"{'n_neighbors': 1, 'weights': 'uniform'}",0.8809523809523809,0.8611111111111112
mav+std+rms+wl+zc+wamp,60,"{'n_neighbors': 1, 'weights': 'uniform'}",0.8452380952380952,0.9722222222222222
mav+std+rms+wl+zc+mean_freq,60,"{'n_neighbors': 1, 'weights': 'uniform'}",0.7976190476190476,1.0
mav+std+rms+wl+zc+median_freq,60,"{'n_neighbors': 1, 'weights': 'uniform'}",0.8452380952380952,0.8333333333333334
mav+std+rms+wl+wamp+mean_freq,60,"{'n_neighbors': 1, 'weights': 'uniform'}",0.9404761904761906,0.8055555555555556
mav+std+rms+wl+wamp+median_freq,60,"{'n_neighbors': 1, 'weights': 'uniform'}",0.8333333333333334,0.8055555555555556
mav+std+rms+wl+mean_freq+median_freq,60,"{'n_neighbors': 1, 'weights': 'uniform'}",0.8214285714285715,0.8888888888888888
mav+std+rms+ssc+zc+wamp,60,"{'n_neighbors': 1, 'weights': 'uniform'}",0.8214285714285715,0.9166666666666666
mav+std+rms+ssc+zc+mean_freq,60,"{'n_neighbors': 3, 'weights': 'distance'}",0.8333333333333334,0.9166666666666666
mav+std+rms+ssc+zc+median_freq,60,"{'n_neighbors': 1, 'weights': 'uniform'}",0.8095238095238094,0.8055555555555556
mav+std+rms+ssc+wamp+mean_freq,60,"{'n_neighbors': 1, 'weights': 'uniform'}",0.9047619047619048,0.8611111111111112
mav+std+rms+ssc+wamp+median_freq,60,"{'n_neighbors': 1, 'weights': 'uniform'}",0.8809523809523809,0.8611111111111112
mav+std+rms+ssc+mean_freq+median_freq,60,"{'n_neighbors': 3, 'weights': 'distance'}",0.8452380952380952,0.8333333333333334
mav+std+rms+zc+wamp+mean_freq,60,"{'n_neighbors': 1, 'weights': 'uniform'}",0.9047619047619048,0.8888888888888888
mav+std+rms+zc+wamp+median_freq,60,"{'n_neighbors': 1, 'weights': 'uniform'}",0.8571428571428571,0.8611111111111112
mav+std+rms+zc+mean_freq+median_freq,60,"{'n_neighbors': 1, 'weights': 'uniform'}",0.8690476190476191,0.8888888888888888
mav+std+rms+wamp+mean_freq+median_freq,60,"{'n_neighbors': 3, 'weights': 'distance'}",0.8095238095238096,0.8888888888888888
mav+std+wl+ssc+zc+wamp,60,"{'n_neighbors': 1, 'weights': 'uniform'}",0.8571428571428572,0.8888888888888888
mav+std+wl+ssc+zc+mean_freq,60,"{'n_neighbors': 1, 'weights': 'uniform'}",0.7857142857142857,0.9166666666666666
mav+std+wl+ssc+zc+median_freq,60,"{'n_neighbors': 5, 'weights': 'distance'}",0.7619047619047619,0.7777777777777778
mav+std+wl+ssc+wamp+mean_freq,60,"{'n_neighbors': 1, 'weights': 'uniform'}",0.9047619047619048,0.8055555555555556
mav+std+wl+ssc+wamp+median_freq,60,"{'n_neighbors': 1, 'weights': 'uniform'}",0.8571428571428571,0.8055555555555556
mav+std+wl+ssc+mean_freq+median_freq,60,"{'n_neighbors': 5, 'weights': 'distance'}",0.8095238095238096,0.75
mav+std+wl+zc+wamp+mean_freq,60,"{'n_neighbors': 1, 'weights': 'uniform'}",0.8928571428571429,0.9166666666666666
mav+std+wl+zc+wamp+median_freq,60,"{'n_neighbors': 1, 'weights': 'uniform'}",0.8571428571428572,0.8611111111111112
mav+std+wl+zc+mean_freq+median_freq,60,"{'n_neighbors': 1, 'weights': 'uniform'}",0.869047619047619,0.8888888888888888
mav+std+wl+wamp+mean_freq+median_freq,60,"{'n_neighbors': 1, 'weights': 'uniform'}",0.8928571428571429,0.8333333333333334
mav+std+ssc+zc+wamp+mean_freq,60,"{'n_neighbors': 1, 'weights': 'uniform'}",0.9166666666666666,0.7777777777777778
mav+std+ssc+zc+wamp+median_freq,60,"{'n_neighbors': 1, 'weights': 'uniform'}",0.8333333333333334,0.7777777777777778
mav+std+ssc+zc+mean_freq+median_freq,60,"{'n_neighbors': 1, 'weights': 'uniform'}",0.8214285714285715,0.8055555555555556
mav+std+ssc+wamp+mean_freq+median_freq,60,"{'n_neighbors': 1, 'weights': 'uniform'}",0.7976190476190476,0.8055555555555556
mav+std+zc+wamp+mean_freq+median_freq,60,"{'n_neighbors': 1, 'weights': 'uniform'}",0.8333333333333334,0.7777777777777778
mav+maxav+rms+wl+ssc+zc,60,"{'n_neighbors': 3, 'weights': 'distance'}",0.880952380952381,0.8333333333333334
mav+maxav+rms+wl+ssc+wamp,60,"{'n_neighbors': 1, 'weights': 'uniform'}",0.8452380952380952,0.9444444444444444
mav+maxav+rms+wl+ssc+mean_freq,60,"{'n_neighbors': 5, 'weights': 'distance'}",0.9166666666666666,0.7777777777777778
mav+maxav+rms+wl+ssc+median_freq,60,"{'n_neighbors': 1, 'weights': 'uniform'}",0.8095238095238096,0.8055555555555556
mav+maxav+rms+wl+zc+wamp,60,"{'n_neighbors': 1, 'weights': 'uniform'}",0.8571428571428571,0.7777777777777778
mav+maxav+rms+wl+zc+mean_freq,60,"{'n_neighbors': 1, 'weights': 'uniform'}",0.9285714285714285,0.8888888888888888
mav+maxav+rms+wl+zc+median_freq,60,"{'n_neighbors': 3, 'weights': 'distance'}",0.8095238095238096,0.8888888888888888
mav+maxav+rms+wl+wamp+mean_freq,60,"{'n_neighbors': 1, 'weights': 'uniform'}",0.9166666666666666,0.8888888888888888
mav+maxav+rms+wl+wamp+median_freq,60,"{'n_neighbors': 1, 'weights': 'uniform'}",0.7976190476190476,0.9722222222222222
mav+maxav+rms+wl+mean_freq+median_freq,60,"{'n_neighbors': 1, 'weights': 'uniform'}",0.7976190476190476,0.8333333333333334
mav+maxav+rms+ssc+zc+wamp,60,"{'n_neighbors': 1, 'weights': 'uniform'}",0.8333333333333334,0.9166666666666666
mav+maxav+rms+ssc+zc+mean_freq,60,"{'n_neighbors': 1, 'weights': 'uniform'}",0.8095238095238096,0.8055555555555556
mav+maxav+rms+ssc+zc+median_freq,60,"{'n_neighbors': 1, 'weights': 'uniform'}",0.7857142857142857,0.8055555555555556
mav+maxav+rms+ssc+wamp+mean_freq,60,"{'n_neighbors': 3, 'weights': 'distance'}",0.8809523809523809,0.8888888888888888
mav+maxav+rms+ssc+wamp+median_freq,60,"{'n_neighbors': 1, 'weights': 'uniform'}",0.8928571428571429,0.6944444444444444
mav+maxav+rms+ssc+mean_freq+median_freq,60,"{'n_neighbors': 3, 'weights': 'uniform'}",0.8214285714285715,0.75
mav+maxav+rms+zc+wamp+mean_freq,60,"{'n_neighbors': 1, 'weights': 'uniform'}",0.7738095238095238,0.8888888888888888
mav+maxav+rms+zc+wamp+median_freq,60,"{'n_neighbors': 1, 'weights': 'uniform'}",0.8571428571428571,0.9444444444444444
mav+maxav+rms+zc+mean_freq+median_freq,60,"{'n_neighbors': 3, 'weights': 'distance'}",0.8214285714285713,0.8611111111111112
mav+maxav+rms+wamp+mean_freq+median_freq,60,"{'n_neighbors': 1, 'weights': 'uniform'}",0.7976190476190476,0.7777777777777778
mav+maxav+wl+ssc+zc+wamp,60,"{'n_neighbors': 1, 'weights': 'uniform'}",0.7619047619047619,0.8611111111111112
mav+maxav+wl+ssc+zc+mean_freq,60,"{'n_neighbors': 3, 'weights': 'distance'}",0.8571428571428571,0.7777777777777778
mav+maxav+wl+ssc+zc+median_freq,60,"{'n_neighbors': 1, 'weights': 'uniform'}",0.8690476190476191,0.8611111111111112
mav+maxav+wl+ssc+wamp+mean_freq,60,"{'n_neighbors': 1, 'weights': 'uniform'}",0.8095238095238094,0.9444444444444444
mav+maxav+wl+ssc+wamp+median_freq,60,"{'n_neighbors': 9, 'weights': 'distance'}",0.7857142857142857,0.7222222222222222
mav+maxav+wl+ssc+mean_freq+median_freq,60,"{'n_neighbors': 1, 'weights': 'uniform'}",0.8690476190476191,0.8611111111111112
mav+maxav+wl+zc+wamp+mean_freq,60,"{'n_neighbors': 1, 'weights': 'uniform'}",0.8333333333333334,0.9166666666666666
mav+maxav+wl+zc+wamp+median_freq,60,"{'n_neighbors': 5, 'weights': 'distance'}",0.8214285714285713,0.8611111111111112
mav+maxav+wl+zc+mean_freq+median_freq,60,"{'n_neighbors': 1, 'weights': 'uniform'}",0.8214285714285715,0.8055555555555556
mav+maxav+wl+wamp+mean_freq+median_freq,60,"{'n_neighbors': 3, 'weights': 'distance'}",0.8333333333333334,0.8055555555555556
mav+maxav+ssc+zc+wamp+mean_freq,60,"{'n_neighbors': 1, 'weights': 'uniform'}",0.8452380952380952,0.8333333333333334
mav+maxav+ssc+zc+wamp+median_freq,60,"{'n_neighbors': 3, 'weights': 'distance'}",0.8571428571428571,0.75
mav+maxav+ssc+zc+mean_freq+median_freq,60,"{'n_neighbors': 1, 'weights': 'uniform'}",0.8095238095238096,0.8611111111111112
mav+maxav+ssc+wamp+mean_freq+median_freq,60,"{'n_neighbors': 1, 'weights': 'uniform'}",0.8333333333333334,0.9166666666666666
mav+maxav+zc+wamp+mean_freq+median_freq,60,"{'n_neighbors': 3, 'weights': 'distance'}",0.8214285714285715,0.7777777777777778
mav+rms+wl+ssc+zc+wamp,60,"{'n_neighbors': 1, 'weights': 'uniform'}",0.7976190476190478,0.8333333333333334
mav+rms+wl+ssc+zc+mean_freq,60,"{'n_neighbors': 1, 'weights': 'uniform'}",0.8214285714285713,0.8055555555555556
mav+rms+wl+ssc+zc+median_freq,60,"{'n_neighbors': 1, 'weights': 'uniform'}",0.7976190476190476,0.8055555555555556
mav+rms+wl+ssc+wamp+mean_freq,60,"{'n_neighbors': 3, 'weights': 'distance'}",0.8452380952380952,0.8611111111111112
mav+rms+wl+ssc+wamp+median_freq,60,"{'n_neighbors': 1, 'weights': 'uniform'}",0.7976190476190476,0.8611111111111112
mav+rms+wl+ssc+mean_freq+median_freq,60,"{'n_neighbors': 1, 'weights': 'uniform'}",0.8333333333333334,0.8888888888888888
mav+rms+wl+zc+wamp+mean_freq,60,"{'n_neighbors': 1, 'weights': 'uniform'}",0.9285714285714285,0.8888888888888888
mav+rms+wl+zc+wamp+median_freq,60,"{'n_neighbors': 1, 'weights': 'uniform'}",0.8571428571428572,0.6666666666666666
mav+rms+wl+zc+mean_freq+median_freq,60,"{'n_neighbors': 1, 'weights': 'uniform'}",0.8333333333333334,0.8611111111111112
mav+rms+wl+wamp+mean_freq+median_freq,60,"{'n_neighbors': 1, 'weights': 'uniform'}",0.8571428571428572,0.9166666666666666
mav+rms+ssc+zc+wamp+mean_freq,60,"{'n_neighbors': 5, 'weights': 'distance'}",0.8333333333333334,0.6944444444444444
mav+rms+ssc+zc+wamp+median_freq,60,"{'n_neighbors': 1, 'weights': 'uniform'}",0.7380952380952381,0.7222222222222222
mav+rms+ssc+zc+mean_freq+median_freq,60,"{'n_neighbors': 3, 'weights': 'distance'}",0.8214285714285713,0.75
mav+rms+ssc+wamp+mean_freq+median_freq,60,"{'n_neighbors': 1, 'weights': 'uniform'}",0.8571428571428571,0.8611111111111112
mav+rms+zc+wamp+mean_freq+median_freq,60,"{'n_neighbors': 1, 'weights': 'uniform'}",0.9166666666666666,0.8055555555555556
mav+wl+ssc+zc+wamp+mean_freq,60,"{'n_neighbors': 1, 'weights': 'uniform'}",0.8452380952380952,0.8055555555555556
mav+wl+ssc+zc+wamp+median_freq,60,"{'n_neighbors': 5, 'weights': 'distance'}",0.8214285714285715,0.75
mav+wl+ssc+zc+mean_freq+median_freq,60,"{'n_neighbors': 3, 'weights': 'distance'}",0.8214285714285715,0.6666666666666666
mav+wl+ssc+wamp+mean_freq+median_freq,60,"{'n_neighbors': 1, 'weights': 'uniform'}",0.8214285714285715,0.7222222222222222
mav+wl+zc+wamp+mean_freq+median_freq,60,"{'n_neighbors': 3, 'weights': 'distance'}",0.8809523809523809,0.8055555555555556
mav+ssc+zc+wamp+mean_freq+median_freq,60,"{'n_neighbors': 1, 'weights': 'uniform'}",0.8214285714285715,0.7222222222222222
std+maxav+rms+wl+ssc+zc,60,"{'n_neighbors': 1, 'weights': 'uniform'}",0.8452380952380952,0.8888888888888888
std+maxav+rms+wl+ssc+wamp,60,"{'n_neighbors': 1, 'weights': 'uniform'}",0.9166666666666666,0.8611111111111112
std+maxav+rms+wl+ssc+mean_freq,60,"{'n_neighbors': 1, 'weights': 'uniform'}",0.8333333333333334,0.8055555555555556
std+maxav+rms+wl+ssc+median_freq,60,"{'n_neighbors': 1, 'weights': 'uniform'}",0.8333333333333334,0.8333333333333334
std+maxav+rms+wl+zc+wamp,60,"{'n_neighbors': 1, 'weights': 'uniform'}",0.8452380952380952,0.8888888888888888
std+maxav+rms+wl+zc+mean_freq,60,"{'n_neighbors': 1, 'weights': 'uniform'}",0.9285714285714285,0.8611111111111112
std+maxav+rms+wl+zc+median_freq,60,"{'n_neighbors': 1, 'weights': 'uniform'}",0.8571428571428571,0.8333333333333334
std+maxav+rms+wl+wamp+mean_freq,60,"{'n_neighbors': 5, 'weights': 'distance'}",0.9047619047619048,0.8888888888888888
std+maxav+rms+wl+wamp+median_freq,60,"{'n_neighbors': 1, 'weights': 'uniform'}",0.8571428571428572,0.7777777777777778
std+maxav+rms+wl+mean_freq+median_freq,60,"{'n_neighbors': 7, 'weights': 'distance'}",0.8690476190476191,0.75
std+maxav+rms+ssc+zc+wamp,60,"{'n_neighbors': 1, 'weights': 'uniform'}",0.9047619047619048,0.8055555555555556
std+maxav+rms+ssc+zc+mean_freq,60,"{'n_neighbors': 1, 'weights': 'uniform'}",0.8571428571428572,0.8055555555555556
std+maxav+rms+ssc+zc+median_freq,60,"{'n_neighbors': 1, 'weights': 'uniform'}",0.7619047619047619,0.8888888888888888
std+maxav+rms+ssc+wamp+mean_freq,60,"{'n_neighbors': 1, 'weights': 'uniform'}",0.8571428571428571,0.9166666666666666
std+maxav+rms+ssc+wamp+median_freq,60,"{'n_neighbors': 1, 'weights': 'uniform'}",0.8452380952380952,0.8055555555555556
std+maxav+rms+ssc+mean_freq+median_freq,60,"{'n_neighbors': 1, 'weights': 'uniform'}",0.8690476190476191,0.8333333333333334
std+maxav+rms+zc+wamp+mean_freq,60,"{'n_neighbors': 1, 'weights': 'uniform'}",0.8571428571428571,0.8888888888888888
std+maxav+rms+zc+wamp+median_freq,60,"{'n_neighbors': 1, 'weights': 'uniform'}",0.8452380952380952,0.7777777777777778
std+maxav+rms+zc+mean_freq+median_freq,60,"{'n_neighbors': 3, 'weights': 'distance'}",0.8333333333333334,0.8888888888888888
std+maxav+rms+wamp+mean_freq+median_freq,60,"{'n_neighbors': 7, 'weights': 'distance'}",0.7619047619047619,0.8333333333333334
std+maxav+wl+ssc+zc+wamp,60,"{'n_neighbors': 3, 'weights': 'distance'}",0.8571428571428572,0.7777777777777778
std+maxav+wl+ssc+zc+mean_freq,60,"{'n_neighbors': 1, 'weights': 'uniform'}",0.8928571428571429,0.8888888888888888
std+maxav+wl+ssc+zc+median_freq,60,"{'n_neighbors': 1, 'weights': 'uniform'}",0.8333333333333334,0.8055555555555556
std+maxav+wl+ssc+wamp+mean_freq,60,"{'n_neighbors': 1, 'weights': 'uniform'}",0.8214285714285715,0.7222222222222222
std+maxav+wl+ssc+wamp+median_freq,60,"{'n_neighbors': 3, 'weights': 'uniform'}",0.8214285714285715,0.7222222222222222
std+maxav+wl+ssc+mean_freq+median_freq,60,"{'n_neighbors': 1, 'weights': 'uniform'}",0.8095238095238094,0.9444444444444444
std+maxav+wl+zc+wamp+mean_freq,60,"{'n_neighbors': 1, 'weights': 'uniform'}",0.8452380952380952,0.8333333333333334
std+maxav+wl+zc+wamp+median_freq,60,"{'n_neighbors': 3, 'weights': 'distance'}",0.8214285714285715,0.6944444444444444
std+maxav+wl+zc+mean_freq+median_freq,60,"{'n_neighbors': 3, 'weights': 'distance'}",0.7738095238095237,0.8611111111111112
std+maxav+wl+wamp+mean_freq+median_freq,60,"{'n_neighbors': 7, 'weights': 'distance'}",0.8571428571428572,0.8055555555555556
std+maxav+ssc+zc+wamp+mean_freq,60,"{'n_neighbors': 1, 'weights': 'uniform'}",0.869047619047619,0.8611111111111112
std+maxav+ssc+zc+wamp+median_freq,60,"{'n_neighbors': 1, 'weights': 'uniform'}",0.7380952380952381,0.7777777777777778
std+maxav+ssc+zc+mean_freq+median_freq,60,"{'n_neighbors': 1, 'weights': 'uniform'}",0.7976190476190476,0.8611111111111112
std+maxav+ssc+wamp+mean_freq+median_freq,60,"{'n_neighbors': 1, 'weights': 'uniform'}",0.8214285714285715,0.8055555555555556
std+maxav+zc+wamp+mean_freq+median_freq,60,"{'n_neighbors': 3, 'weights': 'distance'}",0.8690476190476191,0.8333333333333334
std+rms+wl+ssc+zc+wamp,60,"{'n_neighbors': 3, 'weights': 'distance'}",0.8333333333333334,0.9166666666666666
std+rms+wl+ssc+zc+mean_freq,60,"{'n_neighbors': 5, 'weights': 'distance'}",0.8571428571428571,0.7777777777777778
std+rms+wl+ssc+zc+median_freq,60,"{'n_neighbors': 1, 'weights': 'uniform'}",0.8095238095238094,0.8055555555555556
std+rms+wl+ssc+wamp+mean_freq,60,"{'n_neighbors': 3, 'weights': 'distance'}",0.8571428571428572,0.9166666666666666
std+rms+wl+ssc+wamp+median_freq,60,"{'n_neighbors': 5, 'weights': 'distance'}",0.8928571428571428,0.8333333333333334
std+rms+wl+ssc+mean_freq+median_freq,60,"{'n_neighbors': 1, 'weights': 'uniform'}",0.8928571428571429,0.8055555555555556
std+rms+wl+zc+wamp+mean_freq,60,"{'n_neighbors': 1, 'weights': 'uniform'}",0.9166666666666666,0.8611111111111112
std+rms+wl+zc+wamp+median_freq,60,"{'n_neighbors': 7, 'weights': 'distance'}",0.8452380952380952,0.7222222222222222
std+rms+wl+zc+mean_freq+median_freq,60,"{'n_neighbors': 3, 'weights': 'distance'}",0.8333333333333334,0.9166666666666666
std+rms+wl+wamp+mean_freq+median_freq,60,"{'n_neighbors': 1, 'weights': 'uniform'}",0.9047619047619048,0.8333333333333334
std+rms+ssc+zc+wamp+mean_freq,60,"{'n_neighbors': 1, 'weights': 'uniform'}",0.869047619047619,0.8888888888888888
std+rms+ssc+zc+wamp+median_freq,60,"{'n_neighbors': 1, 'weights': 'uniform'}",0.8095238095238094,0.7777777777777778
std+rms+ssc+zc+mean_freq+median_freq,60,"{'n_neighbors': 1, 'weights': 'uniform'}",0.7619047619047619,0.8055555555555556
std+rms+ssc+wamp+mean_freq+median_freq,60,"{'n_neighbors': 1, 'weights': 'uniform'}",0.8571428571428571,0.7777777777777778
std+rms+zc+wamp+mean_freq+median_freq,60,"{'n_neighbors': 1, 'weights': 'uniform'}",0.8095238095238094,0.8333333333333334
std+wl+ssc+zc+wamp+mean_freq,60,"{'n_neighbors': 1, 'weights': 'uniform'}",0.880952380952381,0.8611111111111112
std+wl+ssc+zc+wamp+median_freq,60,"{'n_neighbors': 1, 'weights': 'uniform'}",0.7619047619047619,0.8888888888888888
std+wl+ssc+zc+mean_freq+median_freq,60,"{'n_neighbors': 1, 'weights': 'uniform'}",0.8214285714285715,0.8055555555555556
std+wl+ssc+wamp+mean_freq+median_freq,60,"{'n_neighbors': 3, 'weights': 'uniform'}",0.8214285714285715,0.8055555555555556
std+wl+zc+wamp+mean_freq+median_freq,60,"{'n_neighbors': 1, 'weights': 'uniform'}",0.8214285714285715,0.8333333333333334
std+ssc+zc+wamp+mean_freq+median_freq,60,"{'n_neighbors': 1, 'weights': 'uniform'}",0.7619047619047619,0.7777777777777778
maxav+rms+wl+ssc+zc+wamp,60,"{'n_neighbors': 3, 'weights': 'uniform'}",0.7976190476190476,0.8055555555555556
maxav+rms+wl+ssc+zc+mean_freq,60,"{'n_neighbors': 1, 'weights': 'uniform'}",0.7738095238095237,0.9722222222222222
maxav+rms+wl+ssc+zc+median_freq,60,"{'n_neighbors': 1, 'weights': 'uniform'}",0.8095238095238096,0.8611111111111112
maxav+rms+wl+ssc+wamp+mean_freq,60,"{'n_neighbors': 1, 'weights': 'uniform'}",0.9047619047619048,0.7222222222222222
maxav+rms+wl+ssc+wamp+median_freq,60,"{'n_neighbors': 1, 'weights': 'uniform'}",0.8095238095238094,0.9166666666666666
maxav+rms+wl+ssc+mean_freq+median_freq,60,"{'n_neighbors': 7, 'weights': 'distance'}",0.8095238095238094,0.6944444444444444
maxav+rms+wl+zc+wamp+mean_freq,60,"{'n_neighbors': 3, 'weights': 'distance'}",0.7976190476190476,0.9444444444444444
maxav+rms+wl+zc+wamp+median_freq,60,"{'n_neighbors': 1, 'weights': 'uniform'}",0.8214285714285715,0.8333333333333334
maxav+rms+wl+zc+mean_freq+median_freq,60,"{'n_neighbors': 3, 'weights': 'distance'}",0.8571428571428572,0.9166666666666666
maxav+rms+wl+wamp+mean_freq+median_freq,60,"{'n_neighbors': 1, 'weights': 'uniform'}",0.8452380952380952,0.8888888888888888
maxav+rms+ssc+zc+wamp+mean_freq,60,"{'n_neighbors': 1, 'weights': 'uniform'}",0.7857142857142857,0.8611111111111112
maxav+rms+ssc+zc+wamp+median_freq,60,"{'n_neighbors': 1, 'weights': 'uniform'}",0.75,0.8611111111111112
maxav+rms+ssc+zc+mean_freq+median_freq,60,"{'n_neighbors': 1, 'weights': 'uniform'}",0.7976190476190476,0.75
maxav+rms+ssc+wamp+mean_freq+median_freq,60,"{'n_neighbors': 1, 'weights': 'uniform'}",0.7857142857142857,0.8611111111111112
maxav+rms+zc+wamp+mean_freq+median_freq,60,"{'n_neighbors': 1, 'weights': 'uniform'}",0.7976190476190476,0.8611111111111112
maxav+wl+ssc+zc+wamp+mean_freq,60,"{'n_neighbors': 1, 'weights': 'uniform'}",0.8333333333333334,0.8333333333333334
maxav+wl+ssc+zc+wamp+median_freq,60,"{'n_neighbors': 1, 'weights': 'uniform'}",0.7380952380952381,0.8611111111111112
maxav+wl+ssc+zc+mean_freq+median_freq,60,"{'n_neighbors': 3, 'weights': 'distance'}",0.8095238095238094,0.8333333333333334
maxav+wl+ssc+wamp+mean_freq+median_freq,60,"{'n_neighbors': 1, 'weights': 'uniform'}",0.8214285714285715,0.8333333333333334
maxav+wl+zc+wamp+mean_freq+median_freq,60,"{'n_neighbors': 1, 'weights': 'uniform'}",0.7976190476190478,0.8611111111111112
maxav+ssc+zc+wamp+mean_freq+median_freq,60,"{'n_neighbors': 1, 'weights': 'uniform'}",0.7738095238095237,0.8611111111111112
rms+wl+ssc+zc+wamp+mean_freq,60,"{'n_neighbors': 1, 'weights': 'uniform'}",0.8333333333333334,0.8611111111111112
rms+wl+ssc+zc+wamp+median_freq,60,"{'n_neighbors': 1, 'weights': 'uniform'}",0.7976190476190476,0.8333333333333334
rms+wl+ssc+zc+mean_freq+median_freq,60,"{'n_neighbors': 1, 'weights': 'uniform'}",0.75,0.7777777777777778
rms+wl+ssc+wamp+mean_freq+median_freq,60,"{'n_neighbors': 1, 'weights': 'uniform'}",0.7976190476190476,1.0
rms+wl+zc+wamp+mean_freq+median_freq,60,"{'n_neighbors': 1, 'weights': 'uniform'}",0.8571428571428572,0.8055555555555556
rms+ssc+zc+wamp+mean_freq+median_freq,60,"{'n_neighbors': 7, 'weights': 'distance'}",0.7261904761904763,0.6944444444444444
wl+ssc+zc+wamp+mean_freq+median_freq,60,"{'n_neighbors': 1, 'weights': 'uniform'}",0.7142857142857143,0.8333333333333334
mav+std+maxav+rms+wl+ssc+zc,70,"{'n_neighbors': 1, 'weights': 'uniform'}",0.9047619047619048,0.8888888888888888
mav+std+maxav+rms+wl+ssc+wamp,70,"{'n_neighbors': 1, 'weights': 'uniform'}",0.9523809523809524,0.7222222222222222
mav+std+maxav+rms+wl+ssc+mean_freq,70,"{'n_neighbors': 1, 'weights': 'uniform'}",0.8809523809523809,0.9722222222222222
mav+std+maxav+rms+wl+ssc+median_freq,70,"{'n_neighbors': 3, 'weights': 'distance'}",0.8452380952380952,0.8333333333333334
mav+std+maxav+rms+wl+zc+wamp,70,"{'n_neighbors': 1, 'weights': 'uniform'}",0.9047619047619048,0.9166666666666666
mav+std+maxav+rms+wl+zc+mean_freq,70,"{'n_neighbors': 1, 'weights': 'uniform'}",0.8809523809523809,0.9166666666666666
mav+std+maxav+rms+wl+zc+median_freq,70,"{'n_neighbors': 1, 'weights': 'uniform'}",0.8928571428571429,0.9444444444444444
mav+std+maxav+rms+wl+wamp+mean_freq,70,"{'n_neighbors': 1, 'weights': 'uniform'}",0.9166666666666666,0.9444444444444444
mav+std+maxav+rms+wl+wamp+median_freq,70,"{'n_neighbors': 3, 'weights': 'distance'}",0.8809523809523809,0.7777777777777778
mav+std+maxav+rms+wl+mean_freq+median_freq,70,"{'n_neighbors': 1, 'weights': 'uniform'}",0.8452380952380952,0.8055555555555556
mav+std+maxav+rms+ssc+zc+wamp,70,"{'n_neighbors': 1, 'weights': 'uniform'}",0.8571428571428572,0.9166666666666666
mav+std+maxav+rms+ssc+zc+mean_freq,70,"{'n_neighbors': 3, 'weights': 'distance'}",0.8571428571428571,0.9166666666666666
mav+std+maxav+rms+ssc+zc+median_freq,70,"{'n_neighbors': 1, 'weights': 'uniform'}",0.8095238095238094,0.9166666666666666
mav+std+maxav+rms+ssc+wamp+mean_freq,70,"{'n_neighbors': 1, 'weights': 'uniform'}",0.9047619047619048,0.8888888888888888
mav+std+maxav+rms+ssc+wamp+median_freq,70,"{'n_neighbors': 1, 'weights': 'uniform'}",0.8214285714285715,0.9722222222222222
mav+std+maxav+rms+ssc+mean_freq+median_freq,70,"{'n_neighbors': 1, 'weights': 'uniform'}",0.8571428571428571,0.8611111111111112
mav+std+maxav+rms+zc+wamp+mean_freq,70,"{'n_neighbors': 1, 'weights': 'uniform'}",0.8928571428571429,0.9166666666666666
mav+std+maxav+rms+zc+wamp+median_freq,70,"{'n_neighbors': 1, 'weights': 'uniform'}",0.8928571428571429,0.8611111111111112
mav+std+maxav+rms+zc+mean_freq+median_freq,70,"{'n_neighbors': 1, 'weights': 'uniform'}",0.8690476190476191,0.8611111111111112
mav+std+maxav+rms+wamp+mean_freq+median_freq,70,"{'n_neighbors': 1, 'weights': 'uniform'}",0.8214285714285715,0.8333333333333334
mav+std+maxav+wl+ssc+zc+wamp,70,"{'n_neighbors': 1, 'weights': 'uniform'}",0.8928571428571429,0.9166666666666666
mav+std+maxav+wl+ssc+zc+mean_freq,70,"{'n_neighbors': 1, 'weights': 'uniform'}",0.8571428571428571,0.8333333333333334
mav+std+maxav+wl+ssc+zc+median_freq,70,"{'n_neighbors': 5, 'weights': 'distance'}",0.7857142857142857,0.8055555555555556
mav+std+maxav+wl+ssc+wamp+mean_freq,70,"{'n_neighbors': 1, 'weights': 'uniform'}",0.8928571428571429,0.8611111111111112
mav+std+maxav+wl+ssc+wamp+median_freq,70,"{'n_neighbors': 1, 'weights': 'uniform'}",0.8928571428571429,0.8333333333333334
mav+std+maxav+wl+ssc+mean_freq+median_freq,70,"{'n_neighbors': 1, 'weights': 'uniform'}",0.8571428571428571,0.8611111111111112
mav+std+maxav+wl+zc+wamp+mean_freq,70,"{'n_neighbors': 1, 'weights': 'uniform'}",0.8095238095238094,0.9444444444444444
mav+std+maxav+wl+zc+wamp+median_freq,70,"{'n_neighbors': 1, 'weights': 'uniform'}",0.8809523809523809,0.9444444444444444
mav+std+maxav+wl+zc+mean_freq+median_freq,70,"{'n_neighbors': 1, 'weights': 'uniform'}",0.8690476190476191,0.8888888888888888
mav+std+maxav+wl+wamp+mean_freq+median_freq,70,"{'n_neighbors': 1, 'weights': 'uniform'}",0.8571428571428571,0.8888888888888888
mav+std+maxav+ssc+zc+wamp+mean_freq,70,"{'n_neighbors': 1, 'weights': 'uniform'}",0.8928571428571429,0.8333333333333334
mav+std+maxav+ssc+zc+wamp+median_freq,70,"{'n_neighbors': 1, 'weights': 'uniform'}",0.8452380952380952,0.8333333333333334
mav+std+maxav+ssc+zc+mean_freq+median_freq,70,"{'n_neighbors': 3, 'weights': 'distance'}",0.8214285714285715,0.8333333333333334
mav+std+maxav+ssc+wamp+mean_freq+median_freq,70,"{'n_neighbors': 3, 'weights': 'distance'}",0.8571428571428571,0.8888888888888888
mav+std+maxav+zc+wamp+mean_freq+median_freq,70,"{'n_neighbors': 1, 'weights': 'uniform'}",0.8809523809523809,0.8888888888888888
mav+std+rms+wl+ssc+zc+wamp,70,"{'n_neighbors': 1, 'weights': 'uniform'}",0.8452380952380952,0.8611111111111112
mav+std+rms+wl+ssc+zc+mean_freq,70,"{'n_neighbors': 1, 'weights': 'uniform'}",0.8571428571428571,0.8888888888888888
mav+std+rms+wl+ssc+zc+median_freq,70,"{'n_neighbors': 1, 'weights': 'uniform'}",0.8809523809523809,0.8055555555555556
mav+std+rms+wl+ssc+wamp+mean_freq,70,"{'n_neighbors': 1, 'weights': 'uniform'}",0.8690476190476191,0.9166666666666666
mav+std+rms+wl+ssc+wamp+median_freq,70,"{'n_neighbors': 3, 'weights': 'distance'}",0.8452380952380952,0.8888888888888888
mav+std+rms+wl+ssc+mean_freq+median_freq,70,"{'n_neighbors': 1, 'weights': 'uniform'}",0.8214285714285715,0.8333333333333334
mav+std+rms+wl+zc+wamp+mean_freq,70,"{'n_neighbors': 1, 'weights': 'uniform'}",0.8809523809523809,0.9444444444444444
mav+std+rms+wl+zc+wamp+median_freq,70,"{'n_neighbors': 1, 'weights': 'uniform'}",0.7976190476190476,0.9166666666666666
mav+std+rms+wl+zc+mean_freq+median_freq,70,"{'n_neighbors': 5, 'weights': 'distance'}",0.8214285714285715,0.8333333333333334
mav+std+rms+wl+wamp+mean_freq+median_freq,70,"{'n_neighbors': 1, 'weights': 'uniform'}",0.8690476190476191,0.8611111111111112
mav+std+rms+ssc+zc+wamp+mean_freq,70,"{'n_neighbors': 1, 'weights': 'uniform'}",0.9047619047619048,0.7777777777777778
mav+std+rms+ssc+zc+wamp+median_freq,70,"{'n_neighbors': 1, 'weights': 'uniform'}",0.8333333333333334,0.7777777777777778
mav+std+rms+ssc+zc+mean_freq+median_freq,70,"{'n_neighbors': 1, 'weights': 'uniform'}",0.8095238095238096,0.8055555555555556
mav+std+rms+ssc+wamp+mean_freq+median_freq,70,"{'n_neighbors': 1, 'weights': 'uniform'}",0.7976190476190476,0.9444444444444444
mav+std+rms+zc+wamp+mean_freq+median_freq,70,"{'n_neighbors': 1, 'weights': 'uniform'}",0.8333333333333334,0.9166666666666666
mav+std+wl+ssc+zc+wamp+mean_freq,70,"{'n_neighbors': 1, 'weights': 'uniform'}",0.8452380952380952,0.9166666666666666
mav+std+wl+ssc+zc+wamp+median_freq,70,"{'n_neighbors': 1, 'weights': 'uniform'}",0.8452380952380952,0.75
mav+std+wl+ssc+zc+mean_freq+median_freq,70,"{'n_neighbors': 3, 'weights': 'distance'}",0.8095238095238096,0.8888888888888888
mav+std+wl+ssc+wamp+mean_freq+median_freq,70,"{'n_neighbors': 3, 'weights': 'distance'}",0.8452380952380952,0.8888888888888888
mav+std+wl+zc+wamp+mean_freq+median_freq,70,"{'n_neighbors': 1, 'weights': 'uniform'}",0.8333333333333334,0.8333333333333334
mav+std+ssc+zc+wamp+mean_freq+median_freq,70,"{'n_neighbors': 1, 'weights': 'uniform'}",0.8809523809523809,0.8611111111111112
mav+maxav+rms+wl+ssc+zc+wamp,70,"{'n_neighbors': 1, 'weights': 'uniform'}",0.9047619047619048,0.8611111111111112
mav+maxav+rms+wl+ssc+zc+mean_freq,70,"{'n_neighbors': 1, 'weights': 'uniform'}",0.8928571428571429,0.9444444444444444
mav+maxav+rms+wl+ssc+zc+median_freq,70,"{'n_neighbors': 3, 'weights': 'distance'}",0.8214285714285715,0.6944444444444444
mav+maxav+rms+wl+ssc+wamp+mean_freq,70,"{'n_neighbors': 1, 'weights': 'uniform'}",0.8690476190476191,0.9166666666666666
mav+maxav+rms+wl+ssc+wamp+median_freq,70,"{'n_neighbors': 1, 'weights': 'uniform'}",0.7976190476190476,0.9166666666666666
mav+maxav+rms+wl+ssc+mean_freq+median_freq,70,"{'n_neighbors': 1, 'weights': 'uniform'}",0.8809523809523809,0.7777777777777778
mav+maxav+rms+wl+zc+wamp+mean_freq,70,"{'n_neighbors': 1, 'weights': 'uniform'}",0.8452380952380952,0.8055555555555556
mav+maxav+rms+wl+zc+wamp+median_freq,70,"{'n_neighbors': 1, 'weights': 'uniform'}",0.8571428571428571,0.9166666666666666
mav+maxav+rms+wl+zc+mean_freq+median_freq,70,"{'n_neighbors': 1, 'weights': 'uniform'}",0.8809523809523809,0.75
mav+maxav+rms+wl+wamp+mean_freq+median_freq,70,"{'n_neighbors': 7, 'weights': 'distance'}",0.7857142857142856,0.8888888888888888
mav+maxav+rms+ssc+zc+wamp+mean_freq,70,"{'n_neighbors': 1, 'weights': 'uniform'}",0.8452380952380952,0.8888888888888888
mav+maxav+rms+ssc+zc+wamp+median_freq,70,"{'n_neighbors': 1, 'weights': 'uniform'}",0.75,0.7777777777777778
mav+maxav+rms+ssc+zc+mean_freq+median_freq,70,"{'n_neighbors': 1, 'weights': 'uniform'}",0.8452380952380952,0.6666666666666666
mav+maxav+rms+ssc+wamp+mean_freq+median_freq,70,"{'n_neighbors': 1, 'weights': 'uniform'}",0.8095238095238094,0.8333333333333334
mav+maxav+rms+zc+wamp+mean_freq+median_freq,70,"{'n_neighbors': 1, 'weights': 'uniform'}",0.8928571428571429,0.8055555555555556
mav+maxav+wl+ssc+zc+wamp+mean_freq,70,"{'n_neighbors': 1, 'weights': 'uniform'}",0.8452380952380952,0.8611111111111112
mav+maxav+wl+ssc+zc+wamp+median_freq,70,"{'n_neighbors': 1, 'weights': 'uniform'}",0.8333333333333334,0.8888888888888888
mav+maxav+wl+ssc+zc+mean_freq+median_freq,70,"{'n_neighbors': 1, 'weights': 'uniform'}",0.8452380952380952,0.8888888888888888
mav+maxav+wl+ssc+wamp+mean_freq+median_freq,70,"{'n_neighbors': 1, 'weights': 'uniform'}",0.8809523809523809,0.8611111111111112
mav+maxav+wl+zc+wamp+mean_freq+median_freq,70,"{'n_neighbors': 1, 'weights': 'uniform'}",0.8571428571428571,0.8333333333333334
mav+maxav+ssc+zc+wamp+mean_freq+median_freq,70,"{'n_neighbors': 1, 'weights': 'uniform'}",0.8452380952380952,0.8611111111111112
mav+rms+wl+ssc+zc+wamp+mean_freq,70,"{'n_neighbors': 1, 'weights': 'uniform'}",0.8571428571428571,0.9166666666666666
mav+rms+wl+ssc+zc+wamp+median_freq,70,"{'n_neighbors': 5, 'weights': 'distance'}",0.7142857142857143,0.8888888888888888
mav+rms+wl+ssc+zc+mean_freq+median_freq,70,"{'n_neighbors': 3, 'weights': 'distance'}",0.8095238095238096,0.8333333333333334
mav+rms+wl+ssc+wamp+mean_freq+median_freq,70,"{'n_neighbors': 1, 'weights': 'uniform'}",0.7976190476190476,0.8611111111111112
mav+rms+wl+zc+wamp+mean_freq+median_freq,70,"{'n_neighbors': 1, 'weights': 'uniform'}",0.75,0.8888888888888888
mav+rms+ssc+zc+wamp+mean_freq+median_freq,70,"{'n_neighbors': 1, 'weights': 'uniform'}",0.7857142857142857,0.9166666666666666
mav+wl+ssc+zc+wamp+mean_freq+median_freq,70,"{'n_neighbors': 3, 'weights': 'distance'}",0.8333333333333334,0.6944444444444444
std+maxav+rms+wl+ssc+zc+wamp,70,"{'n_neighbors': 1, 'weights': 'uniform'}",0.8452380952380952,0.7777777777777778
std+maxav+rms+wl+ssc+zc+mean_freq,70,"{'n_neighbors': 1, 'weights': 'uniform'}",0.8214285714285715,0.9166666666666666
std+maxav+rms+wl+ssc+zc+median_freq,70,"{'n_neighbors': 1, 'weights': 'uniform'}",0.8452380952380952,0.8611111111111112
std+maxav+rms+wl+ssc+wamp+mean_freq,70,"{'n_neighbors': 1, 'weights': 'uniform'}",0.8690476190476191,0.75
std+maxav+rms+wl+ssc+wamp+median_freq,70,"{'n_neighbors': 1, 'weights': 'uniform'}",0.8214285714285715,0.7777777777777778
std+maxav+rms+wl+ssc+mean_freq+median_freq,70,"{'n_neighbors': 1, 'weights': 'uniform'}",0.8690476190476191,0.8055555555555556
std+maxav+rms+wl+zc+wamp+mean_freq,70,"{'n_neighbors': 1, 'weights': 'uniform'}",0.8571428571428571,0.8333333333333334
std+maxav+rms+wl+zc+wamp+median_freq,70,"{'n_neighbors': 1, 'weights': 'uniform'}",0.7976190476190476,0.8611111111111112
std+maxav+rms+wl+zc+mean_freq+median_freq,70,"{'n_neighbors': 1, 'weights': 'uniform'}",0.8452380952380952,0.8888888888888888
std+maxav+rms+wl+wamp+mean_freq+median_freq,70,"{'n_neighbors': 3, 'weights': 'distance'}",0.8095238095238094,0.8611111111111112
std+maxav+rms+ssc+zc+wamp+mean_freq,70,"{'n_neighbors': 1, 'weights': 'uniform'}",0.8928571428571428,0.8888888888888888
std+maxav+rms+ssc+zc+wamp+median_freq,70,"{'n_neighbors': 1, 'weights': 'uniform'}",0.8095238095238094,0.8611111111111112
std+maxav+rms+ssc+zc+mean_freq+median_freq,70,"{'n_neighbors': 1, 'weights': 'uniform'}",0.7857142857142857,0.9166666666666666
std+maxav+rms+ssc+wamp+mean_freq+median_freq,70,"{'n_neighbors': 1, 'weights': 'uniform'}",0.8571428571428572,0.8611111111111112
std+maxav+rms+zc+wamp+mean_freq+median_freq,70,"{'n_neighbors': 1, 'weights': 'uniform'}",0.8690476190476191,0.8055555555555556
std+maxav+wl+ssc+zc+wamp+mean_freq,70,"{'n_neighbors': 3, 'weights': 'distance'}",0.869047619047619,0.8333333333333334
std+maxav+wl+ssc+zc+wamp+median_freq,70,"{'n_neighbors': 1, 'weights': 'uniform'}",0.7738095238095238,0.8333333333333334
std+maxav+wl+ssc+zc+mean_freq+median_freq,70,"{'n_neighbors': 1, 'weights': 'uniform'}",0.7976190476190476,0.8888888888888888
std+maxav+wl+ssc+wamp+mean_freq+median_freq,70,"{'n_neighbors': 1, 'weights': 'uniform'}",0.8333333333333334,0.8055555555555556
std+maxav+wl+zc+wamp+mean_freq+median_freq,70,"{'n_neighbors': 5, 'weights': 'distance'}",0.7619047619047619,0.8888888888888888
std+maxav+ssc+zc+wamp+mean_freq+median_freq,70,"{'n_neighbors': 1, 'weights': 'uniform'}",0.8452380952380952,0.8333333333333334
std+rms+wl+ssc+zc+wamp+mean_freq,70,"{'n_neighbors': 1, 'weights': 'uniform'}",0.9166666666666666,0.8611111111111112
std+rms+wl+ssc+zc+wamp+median_freq,70,"{'n_neighbors': 1, 'weights': 'uniform'}",0.8571428571428571,0.8611111111111112
std+rms+wl+ssc+zc+mean_freq+median_freq,70,"{'n_neighbors': 1, 'weights': 'uniform'}",0.8333333333333334,0.8333333333333334
std+rms+wl+ssc+wamp+mean_freq+median_freq,70,"{'n_neighbors': 1, 'weights': 'uniform'}",0.8809523809523809,0.8888888888888888
std+rms+wl+zc+wamp+mean_freq+median_freq,70,"{'n_neighbors': 1, 'weights': 'uniform'}",0.8809523809523809,0.8611111111111112
std+rms+ssc+zc+wamp+mean_freq+median_freq,70,"{'n_neighbors': 1, 'weights': 'uniform'}",0.8452380952380952,0.9166666666666666
std+wl+ssc+zc+wamp+mean_freq+median_freq,70,"{'n_neighbors': 1, 'weights': 'uniform'}",0.7976190476190476,0.8333333333333334
maxav+rms+wl+ssc+zc+wamp+mean_freq,70,"{'n_neighbors': 3, 'weights': 'uniform'}",0.8452380952380953,0.75
maxav+rms+wl+ssc+zc+wamp+median_freq,70,"{'n_neighbors': 5, 'weights': 'distance'}",0.8690476190476191,0.6944444444444444
maxav+rms+wl+ssc+zc+mean_freq+median_freq,70,"{'n_neighbors': 1, 'weights': 'uniform'}",0.8452380952380952,0.8055555555555556
maxav+rms+wl+ssc+wamp+mean_freq+median_freq,70,"{'n_neighbors': 1, 'weights': 'uniform'}",0.8452380952380952,0.9444444444444444
maxav+rms+wl+zc+wamp+mean_freq+median_freq,70,"{'n_neighbors': 1, 'weights': 'uniform'}",0.8690476190476191,0.8333333333333334
maxav+rms+ssc+zc+wamp+mean_freq+median_freq,70,"{'n_neighbors': 1, 'weights': 'uniform'}",0.7142857142857143,0.8888888888888888
maxav+wl+ssc+zc+wamp+mean_freq+median_freq,70,"{'n_neighbors': 1, 'weights': 'uniform'}",0.8214285714285715,0.75
rms+wl+ssc+zc+wamp+mean_freq+median_freq,70,"{'n_neighbors': 1, 'weights': 'uniform'}",0.7857142857142857,0.8333333333333334
mav+std+maxav+rms+wl+ssc+zc+wamp,80,"{'n_neighbors': 1, 'weights': 'uniform'}",0.8452380952380952,0.8888888888888888
mav+std+maxav+rms+wl+ssc+zc+mean_freq,80,"{'n_neighbors': 1, 'weights': 'uniform'}",0.9047619047619048,0.8333333333333334
mav+std+maxav+rms+wl+ssc+zc+median_freq,80,"{'n_neighbors': 1, 'weights': 'uniform'}",0.8690476190476191,0.9166666666666666
mav+std+maxav+rms+wl+ssc+wamp+mean_freq,80,"{'n_neighbors': 5, 'weights': 'distance'}",0.8571428571428571,0.8888888888888888
mav+std+maxav+rms+wl+ssc+wamp+median_freq,80,"{'n_neighbors': 1, 'weights': 'uniform'}",0.8214285714285715,0.8611111111111112
mav+std+maxav+rms+wl+ssc+mean_freq+median_freq,80,"{'n_neighbors': 1, 'weights': 'uniform'}",0.9166666666666666,0.9166666666666666
mav+std+maxav+rms+wl+zc+wamp+mean_freq,80,"{'n_neighbors': 1, 'weights': 'uniform'}",0.9761904761904763,0.8333333333333334
mav+std+maxav+rms+wl+zc+wamp+median_freq,80,"{'n_neighbors': 5, 'weights': 'distance'}",0.8571428571428572,0.7222222222222222
mav+std+maxav+rms+wl+zc+mean_freq+median_freq,80,"{'n_neighbors': 1, 'weights': 'uniform'}",0.8690476190476191,0.8333333333333334
mav+std+maxav+rms+wl+wamp+mean_freq+median_freq,80,"{'n_neighbors': 1, 'weights': 'uniform'}",0.8571428571428572,0.8055555555555556
mav+std+maxav+rms+ssc+zc+wamp+mean_freq,80,"{'n_neighbors': 1, 'weights': 'uniform'}",0.9523809523809524,0.7777777777777778
mav+std+maxav+rms+ssc+zc+wamp+median_freq,80,"{'n_neighbors': 1, 'weights': 'uniform'}",0.8452380952380952,0.9722222222222222
mav+std+maxav+rms+ssc+zc+mean_freq+median_freq,80,"{'n_neighbors': 1, 'weights': 'uniform'}",0.7857142857142856,0.8888888888888888
mav+std+maxav+rms+ssc+wamp+mean_freq+median_freq,80,"{'n_neighbors': 1, 'weights': 'uniform'}",0.8809523809523809,0.8611111111111112
mav+std+maxav+rms+zc+wamp+mean_freq+median_freq,80,"{'n_neighbors': 1, 'weights': 'uniform'}",0.8333333333333334,0.8888888888888888
mav+std+maxav+wl+ssc+zc+wamp+mean_freq,80,"{'n_neighbors': 1, 'weights': 'uniform'}",0.8333333333333334,0.8888888888888888
mav+std+maxav+wl+ssc+zc+wamp+median_freq,80,"{'n_neighbors': 1, 'weights': 'uniform'}",0.8333333333333334,0.8611111111111112
mav+std+maxav+wl+ssc+zc+mean_freq+median_freq,80,"{'n_neighbors': 1, 'weights': 'uniform'}",0.9166666666666666,0.8333333333333334
mav+std+maxav+wl+ssc+wamp+mean_freq+median_freq,80,"{'n_neighbors': 1, 'weights': 'uniform'}",0.8809523809523809,0.9166666666666666
mav+std+maxav+wl+zc+wamp+mean_freq+median_freq,80,"{'n_neighbors': 1, 'weights': 'uniform'}",0.8809523809523809,0.8888888888888888
mav+std+maxav+ssc+zc+wamp+mean_freq+median_freq,80,"{'n_neighbors': 1, 'weights': 'uniform'}",0.8571428571428572,0.9166666666666666
mav+std+rms+wl+ssc+zc+wamp+mean_freq,80,"{'n_neighbors': 1, 'weights': 'uniform'}",0.8452380952380952,0.8055555555555556
mav+std+rms+wl+ssc+zc+wamp+median_freq,80,"{'n_neighbors': 1, 'weights': 'uniform'}",0.8095238095238094,0.8888888888888888
mav+std+rms+wl+ssc+zc+mean_freq+median_freq,80,"{'n_neighbors': 1, 'weights': 'uniform'}",0.8452380952380952,0.8611111111111112
mav+std+rms+wl+ssc+wamp+mean_freq+median_freq,80,"{'n_neighbors': 1, 'weights': 'uniform'}",0.8809523809523809,0.8611111111111112
mav+std+rms+wl+zc+wamp+mean_freq+median_freq,80,"{'n_neighbors': 1, 'weights': 'uniform'}",0.8690476190476191,0.9166666666666666
mav+std+rms+ssc+zc+wamp+mean_freq+median_freq,80,"{'n_neighbors': 1, 'weights': 'uniform'}",0.8928571428571429,0.7222222222222222
mav+std+wl+ssc+zc+wamp+mean_freq+median_freq,80,"{'n_neighbors': 1, 'weights': 'uniform'}",0.8928571428571428,0.8055555555555556
mav+maxav+rms+wl+ssc+zc+wamp+mean_freq,80,"{'n_neighbors': 1, 'weights': 'uniform'}",0.8809523809523809,0.8611111111111112
mav+maxav+rms+wl+ssc+zc+wamp+median_freq,80,"{'n_neighbors': 3, 'weights': 'distance'}",0.7857142857142857,0.75
mav+maxav+rms+wl+ssc+zc+mean_freq+median_freq,80,"{'n_neighbors': 9, 'weights': 'distance'}",0.8452380952380952,0.7222222222222222
mav+maxav+rms+wl+ssc+wamp+mean_freq+median_freq,80,"{'n_neighbors': 5, 'weights': 'distance'}",0.8571428571428571,0.7222222222222222
mav+maxav+rms+wl+zc+wamp+mean_freq+median_freq,80,"{'n_neighbors': 1, 'weights': 'uniform'}",0.8214285714285713,0.8888888888888888
mav+maxav+rms+ssc+zc+wamp+mean_freq+median_freq,80,"{'n_neighbors': 1, 'weights': 'uniform'}",0.8571428571428571,0.8333333333333334
mav+maxav+wl+ssc+zc+wamp+mean_freq+median_freq,80,"{'n_neighbors': 1, 'weights': 'uniform'}",0.8928571428571429,0.7222222222222222
mav+rms+wl+ssc+zc+wamp+mean_freq+median_freq,80,"{'n_neighbors': 1, 'weights': 'uniform'}",0.8452380952380952,0.6666666666666666
std+maxav+rms+wl+ssc+zc+wamp+mean_freq,80,"{'n_neighbors': 1, 'weights': 'uniform'}",0.9047619047619048,0.8333333333333334
std+maxav+rms+wl+ssc+zc+wamp+median_freq,80,"{'n_neighbors': 3, 'weights': 'distance'}",0.8214285714285715,0.75
std+maxav+rms+wl+ssc+zc+mean_freq+median_freq,80,"{'n_neighbors': 1, 'weights': 'uniform'}",0.8571428571428572,0.8888888888888888
std+maxav+rms+wl+ssc+wamp+mean_freq+median_freq,80,"{'n_neighbors': 3, 'weights': 'distance'}",0.8690476190476191,0.8055555555555556
std+maxav+rms+wl+zc+wamp+mean_freq+median_freq,80,"{'n_neighbors': 5, 'weights': 'uniform'}",0.7976190476190476,0.8611111111111112
std+maxav+rms+ssc+zc+wamp+mean_freq+median_freq,80,"{'n_neighbors': 1, 'weights': 'uniform'}",0.8571428571428571,0.8055555555555556
std+maxav+wl+ssc+zc+wamp+mean_freq+median_freq,80,"{'n_neighbors': 1, 'weights': 'uniform'}",0.7976190476190476,0.8333333333333334
std+rms+wl+ssc+zc+wamp+mean_freq+median_freq,80,"{'n_neighbors': 1, 'weights': 'uniform'}",0.7976190476190476,0.8333333333333334
maxav+rms+wl+ssc+zc+wamp+mean_freq+median_freq,80,"{'n_neighbors': 1, 'weights': 'uniform'}",0.8690476190476191,0.8888888888888888
mav+std+maxav+rms+wl+ssc+zc+wamp+mean_freq,90,"{'n_neighbors': 1, 'weights': 'uniform'}",0.869047619047619,0.9166666666666666
mav+std+maxav+rms+wl+ssc+zc+wamp+median_freq,90,"{'n_neighbors': 7, 'weights': 'distance'}",0.8214285714285715,0.8888888888888888
mav+std+maxav+rms+wl+ssc+zc+mean_freq+median_freq,90,"{'n_neighbors': 1, 'weights': 'uniform'}",0.8809523809523809,0.9166666666666666
mav+std+maxav+rms+wl+ssc+wamp+mean_freq+median_freq,90,"{'n_neighbors': 1, 'weights': 'uniform'}",0.8690476190476191,0.8611111111111112
mav+std+maxav+rms+wl+zc+wamp+mean_freq+median_freq,90,"{'n_neighbors': 1, 'weights': 'uniform'}",0.8571428571428572,0.9166666666666666
mav+std+maxav+rms+ssc+zc+wamp+mean_freq+median_freq,90,"{'n_neighbors': 1, 'weights': 'uniform'}",0.8214285714285715,0.8333333333333334
mav+std+maxav+wl+ssc+zc+wamp+mean_freq+median_freq,90,"{'n_neighbors': 1, 'weights': 'uniform'}",0.880952380952381,0.7222222222222222
mav+std+rms+wl+ssc+zc+wamp+mean_freq+median_freq,90,"{'n_neighbors': 1, 'weights': 'uniform'}",0.8809523809523809,0.8055555555555556
mav+maxav+rms+wl+ssc+zc+wamp+mean_freq+median_freq,90,"{'n_neighbors': 1, 'weights': 'uniform'}",0.7976190476190476,0.8611111111111112
std+maxav+rms+wl+ssc+zc+wamp+mean_freq+median_freq,90,"{'n_neighbors': 1, 'weights': 'uniform'}",0.8571428571428572,0.9444444444444444
mav+std+maxav+rms+wl+ssc+zc+wamp+mean_freq+median_freq,100,"{'n_neighbors': 1, 'weights': 'uniform'}",0.8571428571428572,0.7222222222222222
